department_name,date,retail/recreation_avg,grocery/pharmacy_avg,parks_avg,workplace_avg,residential_avg,level_1,avg_change_baseline_incidents
Albuquerque Fire Rescue,2020-02-17,8.666666666666666,8.666666666666666,29.333333333333332,-7.333333333333333,0.6666666666666666,1072,25.233714072024206
Albuquerque Fire Rescue,2020-02-24,3.4285714285714284,5.0,0.14285714285714285,1.7142857142857142,0.0,1079,19.160305724485735
Albuquerque Fire Rescue,2020-03-02,12.0,10.428571428571429,20.428571428571427,3.4285714285714284,-1.7142857142857142,1086,17.889366285166307
Albuquerque Fire Rescue,2020-03-09,10.857142857142858,13.142857142857142,28.142857142857142,3.0,-1.2857142857142858,1093,21.3558049746844
Albuquerque Fire Rescue,2020-03-16,0.8571428571428571,25.142857142857142,21.571428571428573,-6.142857142857143,2.142857142857143,1100,21.427505223764094
Albuquerque Fire Rescue,2020-03-23,-29.857142857142858,8.285714285714286,6.714285714285714,-31.857142857142858,12.428571428571429,1107,7.323617844034388
Albuquerque Fire Rescue,2020-03-30,-44.714285714285715,-18.0,-3.142857142857143,-45.285714285714285,17.571428571428573,1114,-2.1305596495081334
Albuquerque Fire Rescue,2020-04-06,-39.857142857142854,-11.714285714285714,11.714285714285714,-47.0,17.428571428571427,1121,5.90757102004631
Albuquerque Fire Rescue,2020-04-13,-45.714285714285715,-17.0,-3.5714285714285716,-49.57142857142857,18.571428571428573,1127,5.064949157103877
Albuquerque Fire Rescue,2020-04-20,-38.142857142857146,-14.428571428571429,5.857142857142857,-45.714285714285715,17.142857142857142,1134,3.472103824544598
Albuquerque Fire Rescue,2020-04-27,-36.57142857142857,-12.571428571428571,13.142857142857142,-45.57142857142857,16.714285714285715,1141,-0.2814533745696513
Albuquerque Fire Rescue,2020-05-04,-31.714285714285715,-6.142857142857143,18.714285714285715,-43.42857142857143,14.285714285714286,1148,-4.274071327643926
Albuquerque Fire Rescue,2020-05-11,-31.142857142857142,-0.14285714285714285,20.714285714285715,-41.42857142857143,14.571428571428571,1155,-16.27900674977024
Albuquerque Fire Rescue,2020-05-18,-28.857142857142858,-2.4285714285714284,31.714285714285715,-39.142857142857146,13.857142857142858,1162,-13.727237442427196
Albuquerque Fire Rescue,2020-05-25,-25.857142857142858,-1.1428571428571428,38.57142857142857,-41.714285714285715,13.428571428571429,1169,-11.551683170026424
Alexandria Fire Department,2020-02-17,7.333333333333333,1.0,41.666666666666664,-15.666666666666666,2.6666666666666665,1764,16.13949040526106
Alexandria Fire Department,2020-02-24,-0.5714285714285714,1.1428571428571428,29.285714285714285,2.857142857142857,-0.2857142857142857,1771,0.327212665020582
Alexandria Fire Department,2020-03-02,1.0,2.7142857142857144,4.857142857142857,4.142857142857143,-0.5714285714285714,1778,6.317329584597509
Alexandria Fire Department,2020-03-09,5.0,10.285714285714286,46.857142857142854,3.2857142857142856,-0.14285714285714285,1785,7.544814360575404
Alexandria Fire Department,2020-03-16,-5.142857142857143,25.142857142857142,31.428571428571427,-7.285714285714286,5.285714285714286,1792,6.968244637127205
Alexandria Fire Department,2020-03-23,-35.142857142857146,4.571428571428571,44.285714285714285,-45.57142857142857,20.571428571428573,1799,-9.42428653975553
Alexandria Fire Department,2020-03-30,-47.42857142857143,-11.0,36.285714285714285,-55.714285714285715,25.0,1806,-18.188578332470804
Alexandria Fire Department,2020-04-06,-52.0,-17.714285714285715,16.428571428571427,-59.714285714285715,27.142857142857142,1813,-13.24557173498427
Alexandria Fire Department,2020-04-13,-54.714285714285715,-22.428571428571427,23.0,-61.714285714285715,28.0,1820,-22.08064733664848
Alexandria Fire Department,2020-04-20,-53.0,-20.714285714285715,18.571428571428573,-60.285714285714285,27.285714285714285,1827,-23.90651916197068
Alexandria Fire Department,2020-04-27,-51.857142857142854,-21.0,17.571428571428573,-60.0,27.0,1834,-22.5008645086105
Alexandria Fire Department,2020-05-04,-47.142857142857146,-19.142857142857142,43.857142857142854,-58.285714285714285,25.0,1841,-21.903598443864304
Alexandria Fire Department,2020-05-11,-45.285714285714285,-16.857142857142858,30.857142857142858,-55.857142857142854,24.857142857142858,1848,-14.215644770880882
Alexandria Fire Department,2020-05-18,-44.57142857142857,-18.0,78.14285714285714,-54.714285714285715,23.857142857142858,1855,-13.729774221968134
Anne Arundel County Fire Department,2020-02-17,7.0,-1.0,21.333333333333332,-12.666666666666666,2.0,2458,1.011230059657335
Anne Arundel County Fire Department,2020-02-24,2.142857142857143,-0.5714285714285714,21.142857142857142,2.2857142857142856,-0.42857142857142855,2465,0.4365180127696254
Anne Arundel County Fire Department,2020-03-02,4.285714285714286,0.42857142857142855,11.857142857142858,2.2857142857142856,-0.42857142857142855,2472,-0.24041211237383847
Anne Arundel County Fire Department,2020-03-09,5.285714285714286,3.4285714285714284,48.142857142857146,2.2857142857142856,-0.7142857142857143,2479,0.9632442248608092
Anne Arundel County Fire Department,2020-03-16,-1.4285714285714286,8.857142857142858,34.42857142857143,-7.142857142857143,3.142857142857143,2486,-5.189976595097798
Anne Arundel County Fire Department,2020-03-23,-33.0,-8.714285714285714,32.142857142857146,-37.42857142857143,15.714285714285714,2492,-14.788363756428847
Anne Arundel County Fire Department,2020-03-30,-43.0,-22.428571428571427,22.0,-47.857142857142854,20.428571428571427,2498,-17.805742704829612
Anne Arundel County Fire Department,2020-04-06,-47.857142857142854,-28.571428571428573,5.0,-52.857142857142854,22.857142857142858,2504,-20.317309076981783
Anne Arundel County Fire Department,2020-04-13,-48.857142857142854,-28.857142857142858,5.428571428571429,-55.0,23.285714285714285,2511,-16.12601255098046
Anne Arundel County Fire Department,2020-04-20,-46.0,-24.0,-1.5714285714285714,-54.0,24.285714285714285,2516,-22.204220097016247
Anne Arundel County Fire Department,2020-04-27,-46.0,-23.142857142857142,2.4285714285714284,-51.42857142857143,22.285714285714285,2522,-24.004557761719173
Anne Arundel County Fire Department,2020-05-04,-40.857142857142854,-19.142857142857142,35.42857142857143,-52.142857142857146,21.285714285714285,2529,-19.0170861453335
Anne Arundel County Fire Department,2020-05-11,-38.57142857142857,-15.285714285714286,36.857142857142854,-47.57142857142857,19.714285714285715,2535,-18.17796804905547
Anne Arundel County Fire Department,2020-05-18,-36.42857142857143,-15.142857142857142,92.85714285714286,-45.857142857142854,18.142857142857142,2542,-18.651272702105256
Anne Arundel County Fire Department,2020-05-25,-34.285714285714285,-12.285714285714286,104.0,-48.285714285714285,18.428571428571427,2549,-17.76610589913808
Beavercreek Township Fire Department,2020-02-17,7.0,3.3333333333333335,17.666666666666668,-8.333333333333334,1.6666666666666667,3689,-2.0579651497603786
Beavercreek Township Fire Department,2020-02-24,3.142857142857143,1.7142857142857142,29.428571428571427,3.7142857142857144,-0.42857142857142855,3696,6.858877319280407
Beavercreek Township Fire Department,2020-03-02,6.428571428571429,3.0,7.714285714285714,1.5714285714285714,-0.2857142857142857,3703,19.299890400687854
Beavercreek Township Fire Department,2020-03-09,8.714285714285714,6.285714285714286,68.85714285714286,1.0,-1.0,3710,11.199163475107923
Beavercreek Township Fire Department,2020-03-16,-3.2857142857142856,25.0,17.285714285714285,-5.285714285714286,2.857142857142857,3717,-1.5785841748246345
Beavercreek Township Fire Department,2020-03-23,-36.285714285714285,6.428571428571429,8.285714285714286,-33.714285714285715,14.0,3724,-16.453633856171994
Beavercreek Township Fire Department,2020-03-30,-49.714285714285715,-17.714285714285715,48.857142857142854,-50.857142857142854,19.714285714285715,3731,-19.87771429849214
Beavercreek Township Fire Department,2020-04-06,-44.285714285714285,-11.714285714285714,42.57142857142857,-53.857142857142854,20.285714285714285,3738,-47.03380321393685
Beavercreek Township Fire Department,2020-04-13,-48.57142857142857,-16.142857142857142,48.142857142857146,-52.57142857142857,19.571428571428573,3745,-14.56673382568867
Beavercreek Township Fire Department,2020-04-20,-43.142857142857146,-12.714285714285714,44.714285714285715,-49.857142857142854,19.0,3751,-43.15903788054275
Beavercreek Township Fire Department,2020-04-27,-41.0,-10.571428571428571,70.14285714285714,-49.42857142857143,18.285714285714285,3758,-37.47182857887979
Beavercreek Township Fire Department,2020-05-04,-36.42857142857143,-5.428571428571429,58.142857142857146,-49.714285714285715,17.0,3765,-26.540070795706914
Beavercreek Township Fire Department,2020-05-11,-35.285714285714285,-0.7142857142857143,50.42857142857143,-43.0,15.428571428571429,3772,-11.856959036439212
Beavercreek Township Fire Department,2020-05-18,-28.857142857142858,-4.714285714285714,48.42857142857143,-43.714285714285715,15.714285714285714,3779,-10.045885035371615
Beavercreek Township Fire Department,2020-05-25,-20.571428571428573,-1.4285714285714286,58.285714285714285,-46.42857142857143,15.0,3786,-10.987703929561436
Bellevue Fire Department,2020-02-17,7.333333333333333,1.0,31.333333333333332,-15.0,2.0,4381,-1.0580159777903018
Bellevue Fire Department,2020-02-24,2.4285714285714284,-1.1428571428571428,38.142857142857146,-3.4285714285714284,0.0,4388,3.9118375284020317
Bellevue Fire Department,2020-03-02,4.285714285714286,3.7142857142857144,30.857142857142858,1.0,-0.2857142857142857,4395,2.9262058970282463
Bellevue Fire Department,2020-03-09,-6.142857142857143,1.1428571428571428,24.142857142857142,-12.428571428571429,5.428571428571429,4402,-3.3287255114906507
Bellevue Fire Department,2020-03-16,-17.285714285714285,4.714285714285714,22.142857142857142,-28.0,10.857142857142858,4409,-7.622904685780038
Bellevue Fire Department,2020-03-23,-43.57142857142857,-7.571428571428571,52.285714285714285,-49.42857142857143,19.142857142857142,4416,-6.946552437152524
Bellevue Fire Department,2020-03-30,-56.714285714285715,-25.285714285714285,-16.285714285714285,-61.0,25.142857142857142,4422,-22.834632351559605
Bellevue Fire Department,2020-04-06,-54.714285714285715,-22.857142857142858,2.142857142857143,-63.42857142857143,25.571428571428573,4429,-23.608139701360603
Bellevue Fire Department,2020-04-13,-55.285714285714285,-21.571428571428573,23.857142857142858,-63.57142857142857,24.857142857142858,4436,-16.8878288921364
Bellevue Fire Department,2020-04-20,-52.857142857142854,-22.0,19.857142857142858,-61.0,24.285714285714285,4443,-15.630778230122791
Bellevue Fire Department,2020-04-27,-53.42857142857143,-23.571428571428573,-4.571428571428571,-60.142857142857146,24.428571428571427,4450,-30.94732042438542
Bellevue Fire Department,2020-05-04,-49.57142857142857,-19.142857142857142,6.857142857142857,-58.42857142857143,21.857142857142858,4457,-25.094183103494466
Bellevue Fire Department,2020-05-11,-45.57142857142857,-12.142857142857142,50.57142857142857,-55.42857142857143,20.428571428571427,4464,-13.199525962571814
Bellevue Fire Department,2020-05-18,-46.714285714285715,-17.142857142857142,32.0,-54.0,21.285714285714285,4470,-16.383385272742835
Bellevue Fire Department,2020-05-25,-45.57142857142857,-15.857142857142858,26.285714285714285,-55.42857142857143,20.857142857142858,4477,-20.760427867010183
Boston Fire Department,2020-02-17,7.0,-3.3333333333333335,11.666666666666666,-14.666666666666666,3.3333333333333335,5076,2.3250577904807743
Boston Fire Department,2020-02-24,1.8571428571428572,-1.7142857142857142,17.428571428571427,-1.7142857142857142,1.0,5083,-6.751774969910274
Boston Fire Department,2020-03-02,7.142857142857143,2.142857142857143,16.714285714285715,2.4285714285714284,-0.42857142857142855,5090,0.2588507881829349
Boston Fire Department,2020-03-09,4.857142857142857,5.142857142857143,31.571428571428573,0.8571428571428571,-0.42857142857142855,5097,4.525452037474788
Boston Fire Department,2020-03-16,-14.571428571428571,14.571428571428571,3.0,-12.714285714285714,5.857142857142857,5104,-3.5908421413640466
Boston Fire Department,2020-03-23,-52.42857142857143,-9.285714285714286,-23.857142857142858,-49.142857142857146,20.571428571428573,5111,-18.71359765868906
Boston Fire Department,2020-03-30,-64.71428571428571,-27.571428571428573,-33.142857142857146,-60.285714285714285,26.0,5118,-24.680253271718446
Boston Fire Department,2020-04-06,-65.0,-24.0,-38.0,-62.857142857142854,26.714285714285715,5125,-19.910745620326217
Boston Fire Department,2020-04-20,-65.28571428571429,-30.857142857142858,-38.57142857142857,-63.285714285714285,27.142857142857142,5138,-19.28772660261461
Boston Fire Department,2020-04-27,-66.14285714285714,-34.285714285714285,-46.714285714285715,-62.42857142857143,27.285714285714285,5145,-26.70543208184041
Boston Fire Department,2020-05-04,-60.142857142857146,-25.285714285714285,-17.142857142857142,-59.57142857142857,23.714285714285715,5152,-14.549748124011487
Boston Fire Department,2020-05-11,-59.714285714285715,-23.285714285714285,-31.428571428571427,-58.285714285714285,24.285714285714285,5159,-19.556582709408218
Boston Fire Department,2020-05-18,-57.714285714285715,-23.714285714285715,-7.0,-56.142857142857146,22.714285714285715,5166,-15.741645973266184
Boston Fire Department,2020-05-25,-55.714285714285715,-22.571428571428573,4.714285714285714,-56.0,21.428571428571427,5173,-14.710647647931731
Broward County Sheriffs Office Department of Fire Rescue,2020-02-17,0.3333333333333333,-1.0,0.6666666666666666,-8.666666666666666,2.6666666666666665,5769,16.281678421185713
Broward County Sheriffs Office Department of Fire Rescue,2020-02-24,1.1428571428571428,0.7142857142857143,3.7142857142857144,1.0,0.14285714285714285,5775,19.37515375831117
Broward County Sheriffs Office Department of Fire Rescue,2020-03-02,4.142857142857143,3.857142857142857,3.4285714285714284,1.4285714285714286,-0.42857142857142855,5781,19.630859694588814
Broward County Sheriffs Office Department of Fire Rescue,2020-03-09,3.142857142857143,5.285714285714286,3.5714285714285716,1.0,0.2857142857142857,5788,10.846332534355664
Broward County Sheriffs Office Department of Fire Rescue,2020-03-16,-3.0,16.857142857142858,-0.14285714285714285,-3.857142857142857,3.142857142857143,5794,15.383772326360727
Broward County Sheriffs Office Department of Fire Rescue,2020-03-23,-30.714285714285715,0.8571428571428571,-30.714285714285715,-31.285714285714285,15.285714285714286,5801,12.213978339803534
Broward County Sheriffs Office Department of Fire Rescue,2020-03-30,-44.857142857142854,-19.285714285714285,-52.57142857142857,-44.857142857142854,21.0,5808,-3.3341961166880205
Broward County Sheriffs Office Department of Fire Rescue,2020-04-06,-47.0,-20.142857142857142,-59.142857142857146,-48.57142857142857,23.142857142857142,5815,0.8612605540005517
Broward County Sheriffs Office Department of Fire Rescue,2020-04-13,-50.857142857142854,-26.285714285714285,-59.857142857142854,-51.42857142857143,23.857142857142858,5822,-12.306666909096835
Broward County Sheriffs Office Department of Fire Rescue,2020-04-20,-47.42857142857143,-24.0,-58.0,-47.857142857142854,23.0,5829,-8.246736476143365
Broward County Sheriffs Office Department of Fire Rescue,2020-04-27,-46.42857142857143,-24.0,-57.142857142857146,-47.142857142857146,22.285714285714285,5836,-4.219433090401281
Broward County Sheriffs Office Department of Fire Rescue,2020-05-04,-42.142857142857146,-19.142857142857142,-45.0,-44.714285714285715,19.571428571428573,5843,-6.922757013852315
Broward County Sheriffs Office Department of Fire Rescue,2020-05-11,-40.0,-13.714285714285714,-42.714285714285715,-42.57142857142857,19.142857142857142,5850,-5.491097454322455
Broward County Sheriffs Office Department of Fire Rescue,2020-05-18,-41.42857142857143,-19.285714285714285,-45.857142857142854,-40.57142857142857,19.0,5857,-0.6218136744959437
Broward County Sheriffs Office Department of Fire Rescue,2020-05-25,-36.285714285714285,-18.285714285714285,-48.142857142857146,-41.57142857142857,18.857142857142858,5864,0.6124369935593553
Carmel Fire Department,2020-02-17,8.666666666666666,1.3333333333333333,37.666666666666664,-6.666666666666667,0.6666666666666666,6810,10.066738107269703
Carmel Fire Department,2020-02-24,4.142857142857143,2.2857142857142856,41.42857142857143,1.4285714285714286,-0.42857142857142855,6817,-0.11477447111055916
Carmel Fire Department,2020-03-02,2.142857142857143,1.0,1.7142857142857142,1.1428571428571428,0.14285714285714285,6824,-0.6742083505969025
Carmel Fire Department,2020-03-09,7.571428571428571,5.571428571428571,44.714285714285715,1.0,-0.5714285714285714,6831,1.866848249317155
Carmel Fire Department,2020-03-16,-3.5714285714285716,18.0,21.571428571428573,-10.142857142857142,4.428571428571429,6838,-12.30376137259052
Carmel Fire Department,2020-03-23,-39.857142857142854,-0.7142857142857143,11.428571428571429,-43.0,18.0,6845,-3.091863534158723
Carmel Fire Department,2020-03-30,-51.42857142857143,-23.0,33.714285714285715,-56.0,22.714285714285715,6851,-2.7216777746160745
Carmel Fire Department,2020-04-06,-49.857142857142854,-21.142857142857142,57.142857142857146,-58.42857142857143,23.142857142857142,6858,-1.123407085228964
Carmel Fire Department,2020-04-13,-50.285714285714285,-20.714285714285715,43.857142857142854,-59.57142857142857,22.857142857142858,6864,-10.563677585961914
Carmel Fire Department,2020-04-20,-47.0,-21.0,15.428571428571429,-59.57142857142857,24.857142857142858,6871,-14.88425015016423
Carmel Fire Department,2020-04-27,-42.857142857142854,-15.142857142857142,71.14285714285714,-54.57142857142857,21.714285714285715,6878,-24.66289224723579
Carmel Fire Department,2020-05-04,-37.857142857142854,-11.714285714285714,77.0,-55.714285714285715,21.0,6885,-15.391146982928467
Carmel Fire Department,2020-05-11,-32.285714285714285,-7.571428571428571,52.57142857142857,-52.857142857142854,20.714285714285715,6892,-28.56319003051376
Carmel Fire Department,2020-05-18,-24.714285714285715,-8.857142857142858,58.0,-49.857142857142854,19.857142857142858,6899,-22.193136203455804
Carmel Fire Department,2020-05-25,-19.0,-5.714285714285714,91.42857142857143,-52.142857142857146,18.714285714285715,6906,-15.686931982978678
Cicero Fire Department,2020-02-17,8.666666666666666,1.3333333333333333,37.666666666666664,-6.666666666666667,0.6666666666666666,7846,-27.09736126910887
Cicero Fire Department,2020-02-24,4.142857142857143,2.2857142857142856,41.42857142857143,1.4285714285714286,-0.42857142857142855,7851,-40.176762464815916
Cicero Fire Department,2020-03-02,2.142857142857143,1.0,1.7142857142857142,1.1428571428571428,0.14285714285714285,7857,-35.21282083760563
Cicero Fire Department,2020-03-09,7.571428571428571,5.571428571428571,44.714285714285715,1.0,-0.5714285714285714,7862,-40.343575685362374
Cicero Fire Department,2020-03-30,-51.42857142857143,-23.0,33.714285714285715,-56.0,22.714285714285715,7878,-9.043928194055841
Cicero Fire Department,2020-04-06,-49.857142857142854,-21.142857142857142,57.142857142857146,-58.42857142857143,23.142857142857142,7882,6.506864086346858
Cicero Fire Department,2020-04-13,-50.285714285714285,-20.714285714285715,43.857142857142854,-59.57142857142857,22.857142857142858,7887,1.4513819739276346
Cicero Fire Department,2020-04-20,-47.0,-21.0,15.428571428571429,-59.57142857142857,24.857142857142858,7892,-3.378254122574474
Cicero Fire Department,2020-05-11,-32.285714285714285,-7.571428571428571,52.57142857142857,-52.857142857142854,20.714285714285715,7904,-24.541529595501746
Cicero Fire Department,2020-05-18,-24.714285714285715,-8.857142857142858,58.0,-49.857142857142854,19.857142857142858,7910,-24.44330443927438
Cicero Fire Department,2020-05-25,-19.0,-5.714285714285714,91.42857142857143,-52.142857142857146,18.714285714285715,7917,-10.84297414847716
City of Fort Myers Fire Department,2020-02-17,5.666666666666667,1.3333333333333333,17.333333333333332,-6.666666666666667,0.6666666666666666,8813,25.403710407103134
City of Fort Myers Fire Department,2020-03-02,8.285714285714286,3.7142857142857144,4.0,1.0,-0.2857142857142857,8820,-14.211303185750902
City of Fort Myers Fire Department,2020-03-09,6.0,5.285714285714286,4.142857142857143,0.42857142857142855,0.14285714285714285,8826,-33.97089473276687
City of Fort Myers Fire Department,2020-03-16,-1.1428571428571428,11.714285714285714,8.714285714285714,-5.0,2.4285714285714284,8833,-40.03023225299715
City of Fort Myers Fire Department,2020-03-23,-30.428571428571427,0.2857142857142857,-27.857142857142858,-26.428571428571427,10.142857142857142,8839,-40.49881535323799
City of Fort Myers Fire Department,2020-03-30,-47.0,-20.285714285714285,-52.714285714285715,-37.0,14.571428571428571,8846,-16.08569643030379
City of Fort Myers Fire Department,2020-04-06,-51.142857142857146,-25.0,-64.85714285714286,-43.285714285714285,16.571428571428573,8853,1.4086829397654108
City of Fort Myers Fire Department,2020-04-13,-55.0,-30.142857142857142,-67.42857142857143,-46.857142857142854,17.428571428571427,8860,-5.146777406249254
City of Fort Myers Fire Department,2020-04-20,-50.142857142857146,-25.285714285714285,-66.57142857142857,-42.42857142857143,16.571428571428573,8867,-4.931948147402159
City of Fort Myers Fire Department,2020-04-27,-48.42857142857143,-23.857142857142858,-64.28571428571429,-41.142857142857146,15.857142857142858,8874,-1.8312800678169203
City of Fort Myers Fire Department,2020-05-04,-43.57142857142857,-19.0,-41.142857142857146,-37.57142857142857,13.142857142857142,8881,5.123839775880868
City of Fort Myers Fire Department,2020-05-11,-36.285714285714285,-14.571428571428571,-35.285714285714285,-34.0,11.428571428571429,8888,-8.015800216899
City of Fort Myers Fire Department,2020-05-18,-34.42857142857143,-17.285714285714285,-38.142857142857146,-31.857142857142858,10.571428571428571,8895,8.424018682806786
City of Fort Myers Fire Department,2020-05-25,-31.142857142857142,-16.285714285714285,-34.57142857142857,-34.42857142857143,11.0,8902,17.127331589527238
City of Saint Paul Fire Department,2020-02-17,5.333333333333333,1.0,21.0,-7.666666666666667,1.3333333333333333,10186,-2.2367346084635398
City of Saint Paul Fire Department,2020-02-24,4.142857142857143,2.7142857142857144,9.142857142857142,3.142857142857143,-0.7142857142857143,10193,-2.291418290335755
City of Saint Paul Fire Department,2020-03-02,7.0,7.571428571428571,14.285714285714286,4.0,-1.0,10200,0.23666894274196235
City of Saint Paul Fire Department,2020-03-09,5.142857142857143,9.714285714285714,28.142857142857142,1.4285714285714286,-0.5714285714285714,10207,-0.0590415596116539
City of Saint Paul Fire Department,2020-03-16,-5.142857142857143,14.142857142857142,1.8571428571428572,-8.428571428571429,3.857142857142857,10214,-3.268879594524967
City of Saint Paul Fire Department,2020-03-23,-44.285714285714285,-1.4285714285714286,1.0,-35.57142857142857,16.285714285714285,10221,-8.562901836238042
City of Saint Paul Fire Department,2020-03-30,-52.285714285714285,-17.0,15.857142857142858,-47.0,20.428571428571427,10228,-10.260127479354006
City of Saint Paul Fire Department,2020-04-06,-51.285714285714285,-15.285714285714286,31.285714285714285,-50.57142857142857,21.285714285714285,10235,-9.327379513867887
City of Saint Paul Fire Department,2020-04-13,-54.57142857142857,-17.857142857142858,9.714285714285714,-52.857142857142854,21.571428571428573,10241,-11.457998449648704
City of Saint Paul Fire Department,2020-04-20,-48.714285714285715,-14.857142857142858,22.571428571428573,-48.857142857142854,20.571428571428573,10248,-7.8819004004387425
City of Saint Paul Fire Department,2020-04-27,-45.142857142857146,-11.428571428571429,73.71428571428571,-48.142857142857146,18.285714285714285,10255,-0.5941328177336805
City of Saint Paul Fire Department,2020-05-04,-42.0,-6.571428571428571,65.57142857142857,-46.857142857142854,16.285714285714285,10262,0.07698636112216521
City of Saint Paul Fire Department,2020-05-11,-39.857142857142854,-2.5714285714285716,53.57142857142857,-45.142857142857146,17.0,10268,-0.8000757335732315
City of Saint Paul Fire Department,2020-05-18,-41.42857142857143,-7.285714285714286,53.857142857142854,-44.42857142857143,16.571428571428573,10275,4.334095987844107
City of Saint Paul Fire Department,2020-05-25,-36.142857142857146,-3.4285714285714284,100.57142857142857,-47.0,15.0,10282,6.824610389596759
City of Westfield Fire Department,2020-02-17,8.666666666666666,1.3333333333333333,37.666666666666664,-6.666666666666667,0.6666666666666666,10693,-32.5418797306992
City of Westfield Fire Department,2020-03-02,2.142857142857143,1.0,1.7142857142857142,1.1428571428571428,0.14285714285714285,10706,-19.755877837703615
City of Westfield Fire Department,2020-03-09,7.571428571428571,5.571428571428571,44.714285714285715,1.0,-0.5714285714285714,10713,-33.46498479648223
City of Westfield Fire Department,2020-03-16,-3.5714285714285716,18.0,21.571428571428573,-10.142857142857142,4.428571428571429,10720,-21.661450385790744
City of Westfield Fire Department,2020-03-23,-39.857142857142854,-0.7142857142857143,11.428571428571429,-43.0,18.0,10727,-29.835425384382017
City of Westfield Fire Department,2020-03-30,-51.42857142857143,-23.0,33.714285714285715,-56.0,22.714285714285715,10734,-22.662056475975117
City of Westfield Fire Department,2020-04-06,-49.857142857142854,-21.142857142857142,57.142857142857146,-58.42857142857143,23.142857142857142,10741,2.555731458957428
City of Westfield Fire Department,2020-04-13,-50.285714285714285,-20.714285714285715,43.857142857142854,-59.57142857142857,22.857142857142858,10747,14.084818766728688
City of Westfield Fire Department,2020-04-20,-47.0,-21.0,15.428571428571429,-59.57142857142857,24.857142857142858,10754,-39.467765302575735
City of Westfield Fire Department,2020-05-04,-37.857142857142854,-11.714285714285714,77.0,-55.714285714285715,21.0,10766,-27.12822589295299
City of Westfield Fire Department,2020-05-11,-32.285714285714285,-7.571428571428571,52.57142857142857,-52.857142857142854,20.714285714285715,10773,-3.172213515598222
City of Westfield Fire Department,2020-05-18,-24.714285714285715,-8.857142857142858,58.0,-49.857142857142854,19.857142857142858,10780,-24.330584864425195
City of Westfield Fire Department,2020-05-25,-19.0,-5.714285714285714,91.42857142857143,-52.142857142857146,18.714285714285715,10787,-14.235382790178976
Coral Gables Fire and Rescue Department,2020-02-17,-0.6666666666666666,-2.0,3.0,-8.333333333333334,2.3333333333333335,12189,20.330268008241596
Coral Gables Fire and Rescue Department,2020-02-24,0.8571428571428571,0.14285714285714285,3.7142857142857144,2.0,0.0,12196,12.30098223456584
Coral Gables Fire and Rescue Department,2020-03-02,3.2857142857142856,3.142857142857143,-3.857142857142857,2.142857142857143,-0.2857142857142857,12203,-1.3485143580350976
Coral Gables Fire and Rescue Department,2020-03-09,2.0,4.571428571428571,-5.142857142857143,1.8571428571428572,0.2857142857142857,12210,-3.777910564466353
Coral Gables Fire and Rescue Department,2020-03-16,-4.857142857142857,14.0,-10.285714285714286,-3.142857142857143,3.2857142857142856,12217,-3.9999536822685786
Coral Gables Fire and Rescue Department,2020-03-23,-35.0,-1.8571428571428572,-52.57142857142857,-31.857142857142858,16.142857142857142,12223,-27.852107958905172
Coral Gables Fire and Rescue Department,2020-03-30,-50.0,-25.714285714285715,-70.28571428571429,-46.42857142857143,23.0,12230,-25.425028331606136
Coral Gables Fire and Rescue Department,2020-04-06,-51.57142857142857,-26.285714285714285,-72.57142857142857,-49.857142857142854,24.285714285714285,12237,-28.682265289177273
Coral Gables Fire and Rescue Department,2020-04-13,-55.142857142857146,-31.714285714285715,-72.85714285714286,-52.285714285714285,25.428571428571427,12244,-17.418119403439707
Coral Gables Fire and Rescue Department,2020-04-20,-51.285714285714285,-26.857142857142858,-70.14285714285714,-48.285714285714285,23.714285714285715,12250,-32.836609621557415
Coral Gables Fire and Rescue Department,2020-04-27,-49.57142857142857,-26.571428571428573,-70.0,-46.57142857142857,22.857142857142858,12257,-28.685329463753703
Coral Gables Fire and Rescue Department,2020-05-04,-44.714285714285715,-21.285714285714285,-60.0,-43.57142857142857,19.857142857142858,12262,-30.736332207414005
Coral Gables Fire and Rescue Department,2020-05-11,-42.42857142857143,-15.714285714285714,-58.142857142857146,-40.857142857142854,19.0,12269,-24.186774546521075
Coral Gables Fire and Rescue Department,2020-05-18,-42.857142857142854,-21.285714285714285,-59.142857142857146,-38.857142857142854,19.142857142857142,12276,-14.707106743491648
Coral Gables Fire and Rescue Department,2020-05-25,-39.57142857142857,-20.857142857142858,-60.714285714285715,-40.285714285714285,18.857142857142858,12283,-15.116600663769475
Delaware Fire Department,2020-02-17,13.333333333333334,-1.3333333333333333,28.0,-9.0,1.3333333333333333,13165,24.523718771175606
Delaware Fire Department,2020-02-24,3.142857142857143,-0.42857142857142855,32.0,3.2857142857142856,-0.8571428571428571,13172,-3.849228498867199
Delaware Fire Department,2020-03-02,4.857142857142857,2.0,9.428571428571429,0.2857142857142857,0.2857142857142857,13179,3.798562095744013
Delaware Fire Department,2020-03-16,-4.142857142857143,19.857142857142858,36.857142857142854,-8.857142857142858,4.857142857142857,13193,-5.400146895237181
Delaware Fire Department,2020-03-23,-43.285714285714285,-6.142857142857143,51.142857142857146,-44.714285714285715,19.0,13200,-17.18591924079511
Delaware Fire Department,2020-03-30,-54.857142857142854,-26.285714285714285,69.28571428571429,-53.142857142857146,21.0,13207,-31.30454428675375
Delaware Fire Department,2020-04-13,-57.142857142857146,-28.571428571428573,43.57142857142857,-57.42857142857143,22.285714285714285,13221,-18.072382265739495
Delaware Fire Department,2020-05-11,-42.285714285714285,-10.571428571428571,46.142857142857146,-53.285714285714285,21.142857142857142,13248,-22.206442680470722
Delaware Fire Department,2020-05-18,-39.142857142857146,-8.714285714285714,60.714285714285715,-51.0,19.714285714285715,13255,-22.104280603852228
Delray Beach Fire-Rescue Department,2020-02-17,0.3333333333333333,0.3333333333333333,5.666666666666667,-3.6666666666666665,1.3333333333333333,13783,4.099436682717977
Delray Beach Fire-Rescue Department,2020-02-24,1.7142857142857142,0.7142857142857143,6.0,1.4285714285714286,0.2857142857142857,13790,-5.904242037010095
Delray Beach Fire-Rescue Department,2020-03-02,2.857142857142857,2.5714285714285716,5.571428571428571,0.2857142857142857,0.0,13797,-9.833762623381372
Delray Beach Fire-Rescue Department,2020-03-09,2.0,4.571428571428571,1.8571428571428572,0.42857142857142855,0.2857142857142857,13804,-8.086809414854716
Delray Beach Fire-Rescue Department,2020-03-16,-3.4285714285714284,15.142857142857142,5.714285714285714,-3.7142857142857144,3.0,13811,4.679179252777311
Delray Beach Fire-Rescue Department,2020-03-23,-29.285714285714285,1.5714285714285714,-23.0,-28.0,13.142857142857142,13818,-2.4970429331068793
Delray Beach Fire-Rescue Department,2020-03-30,-42.42857142857143,-16.142857142857142,-52.142857142857146,-40.57142857142857,18.428571428571427,13825,-20.056790481667058
Delray Beach Fire-Rescue Department,2020-04-06,-46.714285714285715,-20.571428571428573,-64.57142857142857,-45.285714285714285,20.714285714285715,13832,-4.178135953179514
Delray Beach Fire-Rescue Department,2020-04-13,-50.285714285714285,-27.285714285714285,-64.57142857142857,-48.142857142857146,21.428571428571427,13839,-24.836175896385033
Delray Beach Fire-Rescue Department,2020-04-20,-47.285714285714285,-24.0,-63.714285714285715,-44.857142857142854,20.571428571428573,13846,-20.31679062606323
Delray Beach Fire-Rescue Department,2020-04-27,-46.142857142857146,-23.0,-61.57142857142857,-43.857142857142854,19.857142857142858,13853,-11.869561398300224
Delray Beach Fire-Rescue Department,2020-05-04,-42.142857142857146,-19.428571428571427,-42.857142857142854,-41.42857142857143,17.285714285714285,13860,-18.513717310108063
Delray Beach Fire-Rescue Department,2020-05-11,-39.142857142857146,-14.857142857142858,-40.57142857142857,-39.142857142857146,16.857142857142858,13866,-15.324240794587341
Delray Beach Fire-Rescue Department,2020-05-18,-36.57142857142857,-19.0,-40.142857142857146,-35.714285714285715,16.285714285714285,13873,-18.647945479333288
Delray Beach Fire-Rescue Department,2020-05-25,-33.857142857142854,-18.714285714285715,-34.57142857142857,-38.42857142857143,16.285714285714285,13880,-5.769100672057107
East Pierce Fire and Rescue,2020-02-17,7.666666666666667,-1.3333333333333333,32.333333333333336,-12.333333333333334,1.6666666666666667,14416,-0.6422653367981209
East Pierce Fire and Rescue,2020-02-24,4.714285714285714,-0.2857142857142857,39.142857142857146,0.8571428571428571,-0.5714285714285714,14423,11.35856445230689
East Pierce Fire and Rescue,2020-03-02,8.714285714285714,4.0,35.0,2.5714285714285716,-1.0,14430,-8.588541750270021
East Pierce Fire and Rescue,2020-03-09,4.142857142857143,3.7142857142857144,32.285714285714285,0.2857142857142857,0.42857142857142855,14437,-4.664731879955389
East Pierce Fire and Rescue,2020-03-16,-4.714285714285714,13.0,27.285714285714285,-7.428571428571429,4.142857142857143,14444,-8.091002015000218
East Pierce Fire and Rescue,2020-03-23,-29.571428571428573,1.4285714285714286,59.857142857142854,-29.571428571428573,12.0,14451,-7.628047935011206
East Pierce Fire and Rescue,2020-03-30,-43.714285714285715,-18.0,-19.285714285714285,-44.714285714285715,18.571428571428573,14458,-19.963807272445894
East Pierce Fire and Rescue,2020-04-06,-38.285714285714285,-10.428571428571429,3.5714285714285716,-48.142857142857146,19.0,14465,-17.830479988852243
East Pierce Fire and Rescue,2020-04-13,-38.857142857142854,-9.0,30.142857142857142,-48.42857142857143,17.857142857142858,14472,-0.8769284208373228
East Pierce Fire and Rescue,2020-04-20,-32.285714285714285,-8.0,32.142857142857146,-45.0,17.142857142857142,14479,-7.281133992026
East Pierce Fire and Rescue,2020-04-27,-33.714285714285715,-10.142857142857142,10.571428571428571,-43.714285714285715,17.0,14486,-9.975968766178758
East Pierce Fire and Rescue,2020-05-04,-28.857142857142858,-5.142857142857143,18.714285714285715,-41.142857142857146,14.571428571428571,14493,-6.173701103526506
East Pierce Fire and Rescue,2020-05-11,-24.142857142857142,5.428571428571429,85.85714285714286,-38.0,12.714285714285714,14500,-4.504843005994199
East Pierce Fire and Rescue,2020-05-18,-27.142857142857142,-2.5714285714285716,46.285714285714285,-36.285714285714285,13.571428571428571,14507,-17.889022942720057
East Pierce Fire and Rescue,2020-05-25,-26.285714285714285,-2.2857142857142856,54.142857142857146,-40.285714285714285,13.428571428571429,14514,-21.52078720290797
Fishers Fire and Emergency Services,2020-02-17,8.666666666666666,1.3333333333333333,37.666666666666664,-6.666666666666667,0.6666666666666666,15708,-7.581857632235388
Fishers Fire and Emergency Services,2020-02-24,4.142857142857143,2.2857142857142856,41.42857142857143,1.4285714285714286,-0.42857142857142855,15715,-16.55063529919288
Fishers Fire and Emergency Services,2020-03-02,2.142857142857143,1.0,1.7142857142857142,1.1428571428571428,0.14285714285714285,15722,-12.492175468135708
Fishers Fire and Emergency Services,2020-03-09,7.571428571428571,5.571428571428571,44.714285714285715,1.0,-0.5714285714285714,15729,-19.620799192143824
Fishers Fire and Emergency Services,2020-03-16,-3.5714285714285716,18.0,21.571428571428573,-10.142857142857142,4.428571428571429,15735,-11.371183993744506
Fishers Fire and Emergency Services,2020-03-23,-39.857142857142854,-0.7142857142857143,11.428571428571429,-43.0,18.0,15742,-9.970110168967546
Fishers Fire and Emergency Services,2020-04-06,-49.857142857142854,-21.142857142857142,57.142857142857146,-58.42857142857143,23.142857142857142,15755,-18.933074992868196
Fishers Fire and Emergency Services,2020-04-13,-50.285714285714285,-20.714285714285715,43.857142857142854,-59.57142857142857,22.857142857142858,15761,-27.783691104871245
Fishers Fire and Emergency Services,2020-04-20,-47.0,-21.0,15.428571428571429,-59.57142857142857,24.857142857142858,15768,-21.051205579921202
Fishers Fire and Emergency Services,2020-05-04,-37.857142857142854,-11.714285714285714,77.0,-55.714285714285715,21.0,15780,-27.30590570433215
Fishers Fire and Emergency Services,2020-05-11,-32.285714285714285,-7.571428571428571,52.57142857142857,-52.857142857142854,20.714285714285715,15786,-32.57109184999769
Fishers Fire and Emergency Services,2020-05-18,-24.714285714285715,-8.857142857142858,58.0,-49.857142857142854,19.857142857142858,15792,-6.577413678415815
Fishers Fire and Emergency Services,2020-05-25,-19.0,-5.714285714285714,91.42857142857143,-52.142857142857146,18.714285714285715,15799,8.513974867689678
Hall County Fire Services,2020-02-24,-0.7142857142857143,-1.5714285714285714,-11.428571428571429,0.7142857142857143,0.8571428571428571,17099,2.4681474395243095
Hall County Fire Services,2020-03-02,5.714285714285714,2.5714285714285716,9.0,2.4285714285714284,-0.5714285714285714,17106,-1.7845423292454927
Hall County Fire Services,2020-03-16,-0.8571428571428571,8.571428571428571,22.857142857142858,-1.4285714285714286,1.7142857142857142,17120,2.0366665979892113
Hall County Fire Services,2020-03-23,-17.142857142857142,4.285714285714286,19.428571428571427,-13.428571428571429,6.428571428571429,17127,-5.549846910726872
Hall County Fire Services,2020-04-13,-43.142857142857146,-21.285714285714285,31.571428571428573,-38.142857142857146,14.0,17148,-6.086790233240385
Hall County Fire Services,2020-05-18,-19.571428571428573,-3.5714285714285716,103.85714285714286,-27.714285714285715,9.428571428571429,17183,-6.715892762968862
Jackson County Fire District 3,2020-02-17,5.333333333333333,-1.6666666666666667,35.666666666666664,-7.333333333333333,0.6666666666666666,17844,7.875569876430006
Jackson County Fire District 3,2020-02-24,5.428571428571429,2.2857142857142856,45.285714285714285,1.8571428571428572,-1.0,17851,-8.88060366672509
Jackson County Fire District 3,2020-03-02,9.714285714285714,5.285714285714286,44.714285714285715,3.142857142857143,-1.2857142857142858,17858,8.071345618077968
Jackson County Fire District 3,2020-03-09,8.142857142857142,5.714285714285714,37.142857142857146,1.1428571428571428,-0.5714285714285714,17865,-2.3684075717475137
Jackson County Fire District 3,2020-03-16,0.42857142857142855,11.714285714285714,38.0,-3.857142857142857,1.1428571428571428,17872,11.22778544359051
Jackson County Fire District 3,2020-03-23,-27.571428571428573,3.142857142857143,66.14285714285714,-25.571428571428573,7.571428571428571,17879,3.9157035121845185
Jackson County Fire District 3,2020-03-30,-43.285714285714285,-17.571428571428573,-2.2857142857142856,-37.714285714285715,13.0,17886,-14.863682744624299
Jackson County Fire District 3,2020-04-06,-39.714285714285715,-13.857142857142858,5.714285714285714,-39.142857142857146,13.142857142857142,17893,-13.904726798061972
Jackson County Fire District 3,2020-04-13,-38.857142857142854,-9.142857142857142,42.285714285714285,-39.285714285714285,11.714285714285714,17900,3.4359470967598513
Jackson County Fire District 3,2020-04-20,-30.571428571428573,-8.428571428571429,43.57142857142857,-36.142857142857146,10.857142857142858,17907,-11.086727919725478
Jackson County Fire District 3,2020-04-27,-31.571428571428573,-9.142857142857142,36.142857142857146,-35.857142857142854,10.857142857142858,17914,-16.034397390652913
Jackson County Fire District 3,2020-05-04,-25.285714285714285,-0.7142857142857143,41.714285714285715,-34.142857142857146,8.571428571428571,17921,-1.3762710230532207
Jackson County Fire District 3,2020-05-11,-23.857142857142858,5.857142857142857,59.857142857142854,-31.142857142857142,7.857142857142857,17928,-9.781738703107527
Jackson County Fire District 3,2020-05-18,-22.714285714285715,-2.857142857142857,17.428571428571427,-28.428571428571427,9.142857142857142,17935,-23.937746141875675
Jackson County Fire District 3,2020-05-25,-15.142857142857142,2.5714285714285716,95.57142857142857,-31.0,7.0,17942,-21.366430328408466
Jackson Township Fire Department,2020-02-17,8.666666666666666,1.3333333333333333,37.666666666666664,-6.666666666666667,0.6666666666666666,18465,-17.33412939191596
Jackson Township Fire Department,2020-03-02,2.142857142857143,1.0,1.7142857142857142,1.1428571428571428,0.14285714285714285,18478,6.590725822846457
Jackson Township Fire Department,2020-03-09,7.571428571428571,5.571428571428571,44.714285714285715,1.0,-0.5714285714285714,18484,-22.066918702658114
Jackson Township Fire Department,2020-03-16,-3.5714285714285716,18.0,21.571428571428573,-10.142857142857142,4.428571428571429,18490,-23.493176520608667
Jackson Township Fire Department,2020-03-23,-39.857142857142854,-0.7142857142857143,11.428571428571429,-43.0,18.0,18495,-16.514197316879184
Jackson Township Fire Department,2020-03-30,-51.42857142857143,-23.0,33.714285714285715,-56.0,22.714285714285715,18502,-28.34382149390687
Jackson Township Fire Department,2020-04-06,-49.857142857142854,-21.142857142857142,57.142857142857146,-58.42857142857143,23.142857142857142,18507,-48.68197613416032
Jackson Township Fire Department,2020-04-13,-50.285714285714285,-20.714285714285715,43.857142857142854,-59.57142857142857,22.857142857142858,18513,-14.492227547805996
Jackson Township Fire Department,2020-04-20,-47.0,-21.0,15.428571428571429,-59.57142857142857,24.857142857142858,18518,-18.121176082327995
Jackson Township Fire Department,2020-05-04,-37.857142857142854,-11.714285714285714,77.0,-55.714285714285715,21.0,18528,-16.58685219656353
Jackson Township Fire Department,2020-05-11,-32.285714285714285,-7.571428571428571,52.57142857142857,-52.857142857142854,20.714285714285715,18534,-25.13008184985089
Jackson Township Fire Department,2020-05-25,-19.0,-5.714285714285714,91.42857142857143,-52.142857142857146,18.714285714285715,18545,-26.055661782383506
Lexington Fire Department,2020-02-17,5.0,0.3333333333333333,11.666666666666666,-4.0,1.0,19996,5.0367717259445035
Lexington Fire Department,2020-02-24,1.2857142857142858,3.0,7.428571428571429,2.0,-0.2857142857142857,20003,5.135114002976506
Lexington Fire Department,2020-03-02,9.571428571428571,12.285714285714286,11.857142857142858,1.5714285714285714,-0.7142857142857143,20010,8.582440426694466
Lexington Fire Department,2020-03-09,8.0,15.857142857142858,52.714285714285715,1.5714285714285714,-1.0,20017,-0.5243808932141928
Lexington Fire Department,2020-03-16,-7.285714285714286,20.571428571428573,6.428571428571429,-5.857142857142857,3.142857142857143,20024,-0.7274089083886358
Lexington Fire Department,2020-03-23,-35.57142857142857,4.285714285714286,8.714285714285714,-31.285714285714285,12.714285714285714,20031,-12.703219522670745
Lexington Fire Department,2020-03-30,-41.857142857142854,-7.428571428571429,56.42857142857143,-43.285714285714285,16.285714285714285,20038,-4.016656374284442
Lexington Fire Department,2020-04-06,-42.42857142857143,-5.142857142857143,10.0,-48.285714285714285,17.714285714285715,20044,-7.326199824877938
Lexington Fire Department,2020-04-13,-47.285714285714285,-9.714285714285714,-2.857142857142857,-50.285714285714285,19.0,20051,-14.619466503624055
Lexington Fire Department,2020-04-20,-41.42857142857143,-11.714285714285714,-2.857142857142857,-46.857142857142854,18.142857142857142,20056,-12.857612087245455
Lexington Fire Department,2020-04-27,-41.285714285714285,-12.285714285714286,0.0,-47.0,17.857142857142858,20061,-9.915193701411054
Lexington Fire Department,2020-05-04,-34.57142857142857,-5.571428571428571,20.714285714285715,-46.714285714285715,16.571428571428573,20068,-12.06531065054322
Lexington Fire Department,2020-05-11,-35.0,-1.5714285714285714,7.285714285714286,-42.0,15.571428571428571,20074,-14.023795956703244
Lexington Fire Department,2020-05-18,-33.142857142857146,-1.0,31.142857142857142,-39.42857142857143,14.285714285714286,20081,-8.351544166261915
Lexington Fire Department,2020-05-25,-27.285714285714285,4.285714285714286,38.714285714285715,-41.142857142857146,12.857142857142858,20088,-2.7603128241088206
Loudoun County Fire Rescue and EMS,2020-02-17,5.666666666666667,11.666666666666666,9.666666666666666,-13.666666666666666,2.3333333333333335,21379,24.776643120831174
Loudoun County Fire Rescue and EMS,2020-02-24,1.2857142857142858,10.857142857142858,5.0,1.7142857142857142,-0.2857142857142857,21386,26.9538625660712
Loudoun County Fire Rescue and EMS,2020-03-02,1.4285714285714286,3.4285714285714284,-0.42857142857142855,1.5714285714285714,0.0,21393,35.35162445122519
Loudoun County Fire Rescue and EMS,2020-03-09,5.0,7.0,19.714285714285715,-1.2857142857142858,0.14285714285714285,21400,47.14675541148176
Loudoun County Fire Rescue and EMS,2020-03-16,-3.0,16.0,10.285714285714286,-14.428571428571429,6.714285714285714,21407,38.75039571413429
Loudoun County Fire Rescue and EMS,2020-03-23,-31.428571428571427,-3.2857142857142856,-9.0,-46.857142857142854,19.571428571428573,21414,25.51183335187802
Loudoun County Fire Rescue and EMS,2020-03-30,-42.57142857142857,-19.0,-20.571428571428573,-56.57142857142857,23.857142857142858,21421,11.560000614556259
Loudoun County Fire Rescue and EMS,2020-04-06,-47.714285714285715,-20.857142857142858,-21.857142857142858,-60.57142857142857,25.285714285714285,21428,13.636776146595194
Loudoun County Fire Rescue and EMS,2020-04-13,-50.42857142857143,-24.142857142857142,-27.428571428571427,-62.42857142857143,26.142857142857142,21435,10.986767829859673
Loudoun County Fire Rescue and EMS,2020-04-20,-48.42857142857143,-26.857142857142858,-26.142857142857142,-63.0,27.428571428571427,21442,-1.5050647669245727
Loudoun County Fire Rescue and EMS,2020-04-27,-46.285714285714285,-25.857142857142858,-23.0,-62.0,27.0,21449,7.85293665575012
Loudoun County Fire Rescue and EMS,2020-05-04,-44.57142857142857,-25.0,-21.857142857142858,-61.714285714285715,25.857142857142858,21456,12.809618465033923
Loudoun County Fire Rescue and EMS,2020-05-11,-40.857142857142854,-19.428571428571427,-17.714285714285715,-55.714285714285715,23.571428571428573,21463,4.905979282650326
Loudoun County Fire Rescue and EMS,2020-05-18,-39.42857142857143,-18.0,0.7142857142857143,-54.285714285714285,22.285714285714285,21470,14.856643508283693
Loudoun County Fire Rescue and EMS,2020-05-25,-37.0,-13.571428571428571,8.142857142857142,-55.142857142857146,21.857142857142858,21477,9.444673678427481
Memphis Division of Fire Services,2020-02-17,2.3333333333333335,1.0,36.0,-5.333333333333333,1.6666666666666667,22337,-1.1127069074572558
Memphis Division of Fire Services,2020-02-24,-2.5714285714285716,0.14285714285714285,7.428571428571429,1.2857142857142858,0.7142857142857143,22344,-5.964424690392036
Memphis Division of Fire Services,2020-03-02,13.285714285714286,9.571428571428571,30.571428571428573,2.7142857142857144,-1.8571428571428572,22351,-5.344867841226649
Memphis Division of Fire Services,2020-03-09,11.714285714285714,11.714285714285714,48.857142857142854,2.4285714285714284,-1.7142857142857142,22358,-1.8797105185913208
Memphis Division of Fire Services,2020-03-16,-1.8571428571428572,14.857142857142858,2.4285714285714284,-5.571428571428571,2.142857142857143,22365,-3.4507828990251577
Memphis Division of Fire Services,2020-03-23,-24.428571428571427,11.428571428571429,-24.857142857142858,-24.428571428571427,10.142857142857142,22372,-9.177320112959974
Memphis Division of Fire Services,2020-03-30,-37.42857142857143,-8.571428571428571,-20.285714285714285,-35.714285714285715,15.142857142857142,22379,-6.9819246244331366
Memphis Division of Fire Services,2020-04-06,-33.57142857142857,-2.2857142857142856,-26.285714285714285,-38.42857142857143,15.0,22385,-15.457746915194665
Memphis Division of Fire Services,2020-04-13,-39.0,-8.571428571428571,-39.42857142857143,-42.142857142857146,16.142857142857142,22390,-14.249262421638706
Memphis Division of Fire Services,2020-04-20,-31.0,-7.0,-29.714285714285715,-37.285714285714285,14.285714285714286,22396,-13.543622912033511
Memphis Division of Fire Services,2020-04-27,-29.285714285714285,-8.142857142857142,-26.714285714285715,-36.42857142857143,14.142857142857142,22403,-19.301049249446
Memphis Division of Fire Services,2020-05-04,-23.0,-0.8571428571428571,-13.285714285714286,-34.142857142857146,11.142857142857142,22410,-10.571980209428201
Memphis Division of Fire Services,2020-05-11,-18.571428571428573,5.428571428571429,-11.285714285714286,-31.714285714285715,10.714285714285714,22417,-11.468408268490895
Memphis Division of Fire Services,2020-05-18,-18.714285714285715,-0.7142857142857143,-12.0,-29.857142857142858,10.857142857142858,22424,-8.768414818982816
Memphis Division of Fire Services,2020-05-25,-15.428571428571429,0.7142857142857143,2.4285714285714284,-34.142857142857146,9.571428571428571,22430,-3.978609215552017
Miami-Dade Fire Rescue Department,2020-02-17,-0.6666666666666666,-2.0,3.0,-8.333333333333334,2.3333333333333335,23723,-0.28567860554290114
Miami-Dade Fire Rescue Department,2020-02-24,0.8571428571428571,0.14285714285714285,3.7142857142857144,2.0,0.0,23730,0.45510622333976347
Miami-Dade Fire Rescue Department,2020-03-02,3.2857142857142856,3.142857142857143,-3.857142857142857,2.142857142857143,-0.2857142857142857,23737,-0.23168992532342755
Miami-Dade Fire Rescue Department,2020-03-09,2.0,4.571428571428571,-5.142857142857143,1.8571428571428572,0.2857142857142857,23744,3.8171808579132036
Miami-Dade Fire Rescue Department,2020-03-16,-4.857142857142857,14.0,-10.285714285714286,-3.142857142857143,3.2857142857142856,23751,3.485242412405681
Miami-Dade Fire Rescue Department,2020-03-23,-35.0,-1.8571428571428572,-52.57142857142857,-31.857142857142858,16.142857142857142,23758,-6.499219862811087
Miami-Dade Fire Rescue Department,2020-03-30,-50.0,-25.714285714285715,-70.28571428571429,-46.42857142857143,23.0,23765,-6.158008587449966
Miami-Dade Fire Rescue Department,2020-04-06,-51.57142857142857,-26.285714285714285,-72.57142857142857,-49.857142857142854,24.285714285714285,23772,-11.120508673381888
Miami-Dade Fire Rescue Department,2020-04-13,-55.142857142857146,-31.714285714285715,-72.85714285714286,-52.285714285714285,25.428571428571427,23779,-12.217682800800466
Miami-Dade Fire Rescue Department,2020-04-20,-51.285714285714285,-26.857142857142858,-70.14285714285714,-48.285714285714285,23.714285714285715,23785,-14.238477625060609
Miami-Dade Fire Rescue Department,2020-04-27,-49.57142857142857,-26.571428571428573,-70.0,-46.57142857142857,22.857142857142858,23790,-12.283611366658734
Miami-Dade Fire Rescue Department,2020-05-04,-44.714285714285715,-21.285714285714285,-60.0,-43.57142857142857,19.857142857142858,23797,-14.46983215039586
Miami-Dade Fire Rescue Department,2020-05-11,-42.42857142857143,-15.714285714285714,-58.142857142857146,-40.857142857142854,19.0,23803,-15.247190558973472
Miami-Dade Fire Rescue Department,2020-05-18,-42.857142857142854,-21.285714285714285,-59.142857142857146,-38.857142857142854,19.142857142857142,23809,-15.344934175103834
Miami-Dade Fire Rescue Department,2020-05-25,-39.57142857142857,-20.857142857142858,-60.714285714285715,-40.285714285714285,18.857142857142858,23816,-11.62653868534738
New Rochelle Fire Department,2020-02-17,4.666666666666667,-8.0,14.333333333333334,-16.333333333333332,3.0,24416,-3.6069317529046785
New Rochelle Fire Department,2020-02-24,2.142857142857143,-5.857142857142857,22.857142857142858,-6.428571428571429,1.0,24423,1.3317358987792767
New Rochelle Fire Department,2020-03-02,3.4285714285714284,-2.2857142857142856,7.0,2.5714285714285716,-0.2857142857142857,24430,0.3947954703290237
New Rochelle Fire Department,2020-03-09,3.7142857142857144,1.4285714285714286,39.142857142857146,1.0,0.42857142857142855,24437,-20.77482596569562
New Rochelle Fire Department,2020-03-16,-6.428571428571429,11.0,39.0,-11.857142857142858,6.142857142857143,24444,-12.77531689399889
New Rochelle Fire Department,2020-03-23,-39.57142857142857,-5.571428571428571,20.857142857142858,-41.714285714285715,19.571428571428573,24451,-23.981218166626167
New Rochelle Fire Department,2020-03-30,-54.42857142857143,-24.571428571428573,3.5714285714285716,-56.142857142857146,25.571428571428573,24458,-0.5775803001797334
New Rochelle Fire Department,2020-04-06,-53.42857142857143,-23.0,28.142857142857142,-59.285714285714285,26.428571428571427,24465,24.157097748137307
New Rochelle Fire Department,2020-04-13,-69.85714285714286,-14.142857142857142,32.42857142857143,-62.142857142857146,27.571428571428573,24472,14.224003784430296
New Rochelle Fire Department,2020-04-20,-66.85714285714286,-24.428571428571427,0.42857142857142855,-62.285714285714285,28.0,24479,-16.48147180982234
New Rochelle Fire Department,2020-04-27,-64.42857142857143,-22.714285714285715,-14.0,-59.57142857142857,27.428571428571427,24486,-13.916947938186452
New Rochelle Fire Department,2020-05-04,-60.0,-20.142857142857142,0.5714285714285714,-58.0,25.285714285714285,24493,-14.55556298215487
New Rochelle Fire Department,2020-05-11,-53.285714285714285,-14.142857142857142,13.285714285714286,-57.42857142857143,26.285714285714285,24499,-13.617113540634977
New Rochelle Fire Department,2020-05-18,-50.42857142857143,-12.571428571428571,18.714285714285715,-55.285714285714285,24.714285714285715,24506,-6.036480178827303
New Rochelle Fire Department,2020-05-25,-48.142857142857146,-9.857142857142858,23.857142857142858,-52.714285714285715,22.285714285714285,24513,-14.081579474434688
Newport News Fire Department,2020-02-17,4.0,2.0,7.0,-8.0,1.3333333333333333,25112,-4.656445437156579
Newport News Fire Department,2020-02-24,-1.8571428571428572,1.1428571428571428,-2.2857142857142856,0.7142857142857143,1.7142857142857142,25119,2.2613257945072895
Newport News Fire Department,2020-03-02,8.857142857142858,7.428571428571429,13.285714285714286,3.857142857142857,-1.4285714285714286,25126,-7.9274195104185745
Newport News Fire Department,2020-03-09,6.714285714285714,8.0,29.0,3.2857142857142856,-0.7142857142857143,25133,-0.5373717699131458
Newport News Fire Department,2020-03-16,-0.14285714285714285,15.571428571428571,25.571428571428573,-2.0,1.4285714285714286,25140,-0.47585430597960177
Newport News Fire Department,2020-03-23,-27.571428571428573,1.8571428571428572,26.142857142857142,-26.0,11.428571428571429,25146,-7.483346693644215
Newport News Fire Department,2020-03-30,-35.857142857142854,-7.857142857142857,30.571428571428573,-34.714285714285715,14.285714285714286,25153,-19.549898356331664
Newport News Fire Department,2020-04-06,-38.714285714285715,-8.571428571428571,4.0,-38.714285714285715,15.714285714285714,25160,-17.672746046632703
Newport News Fire Department,2020-04-13,-40.42857142857143,-8.857142857142858,19.857142857142858,-41.857142857142854,16.142857142857142,25167,-9.012682871823447
Newport News Fire Department,2020-04-20,-35.285714285714285,-6.285714285714286,16.142857142857142,-39.0,15.714285714285714,25174,-18.709646290175055
Newport News Fire Department,2020-04-27,-34.857142857142854,-6.714285714285714,18.142857142857142,-38.285714285714285,15.142857142857142,25181,-22.270947745029765
Newport News Fire Department,2020-05-04,-29.857142857142858,-2.857142857142857,52.57142857142857,-36.142857142857146,12.571428571428571,25188,-18.515773850912655
Newport News Fire Department,2020-05-11,-27.285714285714285,1.0,31.0,-35.285714285714285,12.857142857142858,25195,-17.378520893837138
Newport News Fire Department,2020-05-18,-27.285714285714285,-2.142857142857143,46.42857142857143,-34.285714285714285,12.142857142857142,25202,-7.239256780438789
Newport News Fire Department,2020-05-25,-25.714285714285715,-3.857142857142857,44.714285714285715,-38.857142857142854,13.0,25208,-20.570770634950055
Noblesville Fire Department,2020-02-17,8.666666666666666,1.3333333333333333,37.666666666666664,-6.666666666666667,0.6666666666666666,25806,-9.577749302243499
Noblesville Fire Department,2020-02-24,4.142857142857143,2.2857142857142856,41.42857142857143,1.4285714285714286,-0.42857142857142855,25813,-6.308055656104278
Noblesville Fire Department,2020-03-02,2.142857142857143,1.0,1.7142857142857142,1.1428571428571428,0.14285714285714285,25820,-4.014291383984501
Noblesville Fire Department,2020-03-09,7.571428571428571,5.571428571428571,44.714285714285715,1.0,-0.5714285714285714,25827,-29.23890387467768
Noblesville Fire Department,2020-03-16,-3.5714285714285716,18.0,21.571428571428573,-10.142857142857142,4.428571428571429,25834,-7.287907827797128
Noblesville Fire Department,2020-03-23,-39.857142857142854,-0.7142857142857143,11.428571428571429,-43.0,18.0,25841,-29.744225499020352
Noblesville Fire Department,2020-03-30,-51.42857142857143,-23.0,33.714285714285715,-56.0,22.714285714285715,25848,1.2138414842753384
Noblesville Fire Department,2020-04-06,-49.857142857142854,-21.142857142857142,57.142857142857146,-58.42857142857143,23.142857142857142,25855,-17.877071292834575
Noblesville Fire Department,2020-04-13,-50.285714285714285,-20.714285714285715,43.857142857142854,-59.57142857142857,22.857142857142858,25862,-4.5410823067362305
Noblesville Fire Department,2020-04-20,-47.0,-21.0,15.428571428571429,-59.57142857142857,24.857142857142858,25869,-24.792752638622467
Noblesville Fire Department,2020-04-27,-42.857142857142854,-15.142857142857142,71.14285714285714,-54.57142857142857,21.714285714285715,25876,-16.771245435028828
Noblesville Fire Department,2020-05-04,-37.857142857142854,-11.714285714285714,77.0,-55.714285714285715,21.0,25883,-0.7155812678621771
Noblesville Fire Department,2020-05-11,-32.285714285714285,-7.571428571428571,52.57142857142857,-52.857142857142854,20.714285714285715,25890,-7.457602031299041
Noblesville Fire Department,2020-05-18,-24.714285714285715,-8.857142857142858,58.0,-49.857142857142854,19.857142857142858,25897,-3.2700180342714265
Noblesville Fire Department,2020-05-25,-19.0,-5.714285714285714,91.42857142857143,-52.142857142857146,18.714285714285715,25904,-20.133504165376472
Olathe Fire Department,2020-02-17,10.333333333333334,2.3333333333333335,81.33333333333333,-4.666666666666667,1.0,27108,51.48765643383697
Olathe Fire Department,2020-02-24,3.857142857142857,-1.5714285714285714,57.0,6.285714285714286,-1.0,27115,50.9616311758928
Olathe Fire Department,2020-03-02,7.285714285714286,1.1428571428571428,98.85714285714286,7.142857142857143,-1.7142857142857142,27122,31.191810168608946
Olathe Fire Department,2020-03-09,7.571428571428571,2.857142857142857,116.71428571428571,6.714285714285714,-1.4285714285714286,27129,54.90024499088779
Olathe Fire Department,2020-03-16,-1.4285714285714286,19.714285714285715,46.42857142857143,-5.285714285714286,3.2857142857142856,27136,52.42340148046427
Olathe Fire Department,2020-03-23,-33.42857142857143,14.0,61.285714285714285,-37.57142857142857,15.714285714285714,27143,33.63042472348733
Olathe Fire Department,2020-03-30,-49.57142857142857,-24.142857142857142,127.0,-51.57142857142857,21.714285714285715,27150,9.689447280865133
Olathe Fire Department,2020-04-06,-47.57142857142857,-19.714285714285715,81.0,-53.42857142857143,22.0,27157,51.30033135053214
Olathe Fire Department,2020-04-13,-48.285714285714285,-20.857142857142858,88.57142857142857,-55.0,21.571428571428573,27164,57.72603572015348
Olathe Fire Department,2020-04-20,-44.142857142857146,-19.285714285714285,102.71428571428571,-51.57142857142857,21.285714285714285,27171,102.88341248486594
Olathe Fire Department,2020-04-27,-40.714285714285715,-18.0,135.85714285714286,-50.57142857142857,20.0,27178,78.6946769858388
Olathe Fire Department,2020-05-04,-38.285714285714285,-16.0,136.85714285714286,-50.142857142857146,18.0,27185,40.12268596941509
Olathe Fire Department,2020-05-11,-33.0,-8.571428571428571,109.28571428571429,-49.142857142857146,19.142857142857142,27192,-12.422113899625746
Olathe Fire Department,2020-05-18,-28.857142857142858,-10.714285714285714,127.42857142857143,-42.142857142857146,16.714285714285715,27199,-3.712414158542359
Olathe Fire Department,2020-05-25,-22.0,-6.571428571428571,184.57142857142858,-43.714285714285715,14.428571428571429,27206,-10.614226380916092
Orlando Fire Department,2020-02-17,4.666666666666667,1.6666666666666667,20.333333333333332,-5.333333333333333,0.6666666666666666,28789,6.210360627630052
Orlando Fire Department,2020-02-24,2.4285714285714284,1.2857142857142858,8.714285714285714,1.8571428571428572,-0.14285714285714285,28796,2.7455449712257005
Orlando Fire Department,2020-03-02,4.0,3.5714285714285716,11.571428571428571,2.4285714285714284,-0.8571428571428571,28803,2.156697658001442
Orlando Fire Department,2020-03-09,2.0,3.4285714285714284,12.571428571428571,1.1428571428571428,-0.5714285714285714,28810,2.447409299266149
Orlando Fire Department,2020-03-16,-7.571428571428571,7.714285714285714,3.5714285714285716,-7.571428571428571,2.4285714285714284,28817,-3.2080579546810237
Orlando Fire Department,2020-03-23,-44.714285714285715,-9.571428571428571,-21.285714285714285,-36.285714285714285,14.142857142857142,28824,-5.6094817410946405
Orlando Fire Department,2020-03-30,-58.42857142857143,-27.571428571428573,-42.57142857142857,-49.714285714285715,20.571428571428573,28831,-15.113427235716753
Orlando Fire Department,2020-04-06,-61.714285714285715,-32.857142857142854,-48.285714285714285,-54.857142857142854,22.857142857142858,28838,-19.389494828733596
Orlando Fire Department,2020-04-13,-62.857142857142854,-33.714285714285715,-50.857142857142854,-56.285714285714285,22.857142857142858,28845,-16.444546650928736
Orlando Fire Department,2020-04-20,-59.42857142857143,-31.0,-73.57142857142857,-53.857142857142854,22.428571428571427,28852,-27.97122218763648
Orlando Fire Department,2020-04-27,-57.714285714285715,-29.142857142857142,-69.57142857142857,-53.0,21.285714285714285,28859,-33.440282072402724
Orlando Fire Department,2020-05-04,-53.285714285714285,-24.0,-65.71428571428571,-50.42857142857143,18.571428571428573,28865,-36.20086026383198
Orlando Fire Department,2020-05-11,-48.857142857142854,-19.142857142857142,-63.857142857142854,-47.0,17.142857142857142,28871,-34.339983938833136
Orlando Fire Department,2020-05-18,-46.57142857142857,-20.857142857142858,-62.857142857142854,-43.57142857142857,16.428571428571427,28878,-37.282154415625214
Orlando Fire Department,2020-05-25,-43.714285714285715,-19.571428571428573,-57.142857142857146,-45.857142857142854,15.857142857142858,28885,-29.417859127617767
Pasco Fire Department,2020-02-17,16.333333333333332,3.3333333333333335,50.0,-13.333333333333334,1.3333333333333333,29802,-0.2145383291502822
Pasco Fire Department,2020-02-24,4.142857142857143,1.5714285714285714,43.142857142857146,0.7142857142857143,-1.0,29809,2.405390100210617
Pasco Fire Department,2020-03-02,14.285714285714286,8.857142857142858,57.57142857142857,1.8571428571428572,-2.142857142857143,29816,-0.20498852717650998
Pasco Fire Department,2020-03-09,10.142857142857142,8.714285714285714,57.142857142857146,-0.14285714285714285,-1.1428571428571428,29823,7.162863400040338
Pasco Fire Department,2020-03-16,-1.5714285714285714,19.428571428571427,27.571428571428573,-5.285714285714286,1.8571428571428572,29829,9.724193377576244
Pasco Fire Department,2020-03-23,-31.142857142857142,4.857142857142857,88.71428571428571,-31.714285714285715,10.142857142857142,29836,9.642088804881794
Pasco Fire Department,2020-04-06,-42.857142857142854,-12.571428571428571,35.57142857142857,-48.714285714285715,16.714285714285715,29849,1.113887748043956
Pasco Fire Department,2020-04-13,-42.142857142857146,-11.142857142857142,76.71428571428571,-49.714285714285715,16.0,29856,-7.235854894653761
Pasco Fire Department,2020-04-20,-33.0,-6.714285714285714,88.42857142857143,-45.714285714285715,14.857142857142858,29863,-0.2655830251529649
Pasco Fire Department,2020-04-27,-32.714285714285715,-6.428571428571429,71.42857142857143,-44.714285714285715,14.571428571428571,29870,-8.971919347266576
Pasco Fire Department,2020-05-11,-23.714285714285715,8.0,131.28571428571428,-39.142857142857146,11.0,29883,-6.540723309899263
Plainfield Fire Protection District,2020-02-17,5.333333333333333,-1.3333333333333333,7.666666666666667,-7.0,0.6666666666666666,30639,-7.618159915063275
Plainfield Fire Protection District,2020-02-24,3.5714285714285716,2.4285714285714284,28.142857142857142,2.857142857142857,-0.8571428571428571,30646,-4.7553121915909164
Plainfield Fire Protection District,2020-03-02,5.0,3.5714285714285716,28.857142857142858,0.8571428571428571,-0.42857142857142855,30653,3.3987048851652304
Plainfield Fire Protection District,2020-03-09,6.0,10.428571428571429,56.0,2.5714285714285716,-1.1428571428571428,30660,17.327633035384824
Plainfield Fire Protection District,2020-03-16,0.7142857142857143,28.714285714285715,23.428571428571427,-2.5714285714285716,2.0,30667,6.106304581609739
Plainfield Fire Protection District,2020-03-23,-39.0,2.2857142857142856,-7.0,-34.714285714285715,15.857142857142858,30674,-26.746205168936736
Plainfield Fire Protection District,2020-03-30,-46.42857142857143,-16.428571428571427,-5.857142857142857,-45.42857142857143,20.0,30681,-26.062116006050843
Plainfield Fire Protection District,2020-04-06,-43.57142857142857,-11.428571428571429,16.857142857142858,-47.285714285714285,19.857142857142858,30688,-18.671303433360745
Plainfield Fire Protection District,2020-04-13,-45.142857142857146,-10.571428571428571,11.714285714285714,-49.857142857142854,20.428571428571427,30694,-39.90813774073447
Plainfield Fire Protection District,2020-04-20,-39.42857142857143,-11.571428571428571,6.571428571428571,-45.42857142857143,19.571428571428573,30701,-28.137127546040407
Plainfield Fire Protection District,2020-04-27,-37.142857142857146,-10.857142857142858,13.857142857142858,-44.57142857142857,19.0,30708,-18.8989472426421
Plainfield Fire Protection District,2020-05-04,-32.714285714285715,-6.428571428571429,50.714285714285715,-42.714285714285715,16.714285714285715,30715,-27.592698288568013
Plainfield Fire Protection District,2020-05-11,-30.428571428571427,-0.14285714285714285,33.0,-41.285714285714285,16.571428571428573,30722,-11.744883370512875
Plainfield Fire Protection District,2020-05-18,-30.714285714285715,-6.285714285714286,43.0,-40.142857142857146,16.285714285714285,30729,-9.37502888273033
Plainfield Fire Protection District,2020-05-25,-26.285714285714285,3.857142857142857,73.14285714285714,-42.285714285714285,15.142857142857142,30736,-4.461811702095107
Richland Fire and Emergency Services,2020-02-17,16.333333333333332,3.3333333333333335,50.0,-13.333333333333334,1.3333333333333333,31328,-0.1644447807639511
Richland Fire and Emergency Services,2020-02-24,4.142857142857143,1.5714285714285714,43.142857142857146,0.7142857142857143,-1.0,31335,2.4557842706649535
Richland Fire and Emergency Services,2020-03-02,14.285714285714286,8.857142857142858,57.57142857142857,1.8571428571428572,-2.142857142857143,31342,-0.1685551695026764
Richland Fire and Emergency Services,2020-03-09,10.142857142857142,8.714285714285714,57.142857142857146,-0.14285714285714285,-1.1428571428571428,31349,7.173941445206028
Richland Fire and Emergency Services,2020-03-16,-1.5714285714285714,19.428571428571427,27.571428571428573,-5.285714285714286,1.8571428571428572,31355,9.732134837968669
Richland Fire and Emergency Services,2020-03-23,-31.142857142857142,4.857142857142857,88.71428571428571,-31.714285714285715,10.142857142857142,31362,9.657790346755286
Richland Fire and Emergency Services,2020-04-06,-42.857142857142854,-12.571428571428571,35.57142857142857,-48.714285714285715,16.714285714285715,31375,1.1245489193963039
Richland Fire and Emergency Services,2020-04-13,-42.142857142857146,-11.142857142857142,76.71428571428571,-49.714285714285715,16.0,31382,-7.223233246141242
Richland Fire and Emergency Services,2020-04-20,-33.0,-6.714285714285714,88.42857142857143,-45.714285714285715,14.857142857142858,31389,-0.2499045843047599
Richland Fire and Emergency Services,2020-04-27,-32.714285714285715,-6.428571428571429,71.42857142857143,-44.714285714285715,14.571428571428571,31396,-8.95786095116008
Richland Fire and Emergency Services,2020-05-11,-23.714285714285715,8.0,131.28571428571428,-39.142857142857146,11.0,31409,-6.542998752985949
Richmond Fire and Emergency Services,2020-02-17,6.333333333333333,-1.0,10.0,-7.333333333333333,1.0,32019,-0.07157917723254796
Richmond Fire and Emergency Services,2020-02-24,3.0,1.0,7.0,1.8571428571428572,0.14285714285714285,32026,-0.13977468595946974
Richmond Fire and Emergency Services,2020-03-02,8.571428571428571,6.571428571428571,5.0,1.8571428571428572,-1.1428571428571428,32033,5.029495251705659
Richmond Fire and Emergency Services,2020-03-09,9.285714285714286,8.285714285714286,37.142857142857146,0.5714285714285714,-1.2857142857142858,32040,10.332227575072867
Richmond Fire and Emergency Services,2020-03-16,-4.714285714285714,8.857142857142858,31.857142857142858,-7.142857142857143,1.5714285714285714,32047,-2.639372214586396
Richmond Fire and Emergency Services,2020-03-23,-37.142857142857146,-2.142857142857143,47.285714285714285,-33.285714285714285,12.142857142857142,32053,-26.46973374193411
Richmond Fire and Emergency Services,2020-03-30,-45.285714285714285,-9.285714285714286,45.42857142857143,-41.57142857142857,15.285714285714286,32057,-31.258804410115374
Richmond Fire and Emergency Services,2020-04-06,-47.714285714285715,-9.0,18.428571428571427,-44.714285714285715,16.714285714285715,32063,-35.931900312875584
Richmond Fire and Emergency Services,2020-04-13,-50.285714285714285,-12.285714285714286,29.714285714285715,-47.857142857142854,17.0,32070,-30.354123598380074
Richmond Fire and Emergency Services,2020-04-20,-45.285714285714285,-8.571428571428571,27.714285714285715,-44.0,16.142857142857142,32074,-33.90977442122188
Richmond Fire and Emergency Services,2020-05-04,-39.714285714285715,-3.857142857142857,50.714285714285715,-43.142857142857146,13.428571428571429,32085,-22.9990813668821
Richmond Fire and Emergency Services,2020-05-11,-38.714285714285715,0.2857142857142857,32.714285714285715,-41.714285714285715,13.714285714285714,32092,-34.32664478934624
Richmond Fire and Emergency Services,2020-05-18,-39.142857142857146,-0.5714285714285714,64.0,-40.857142857142854,13.142857142857142,32099,-37.61514356906856
Richmond Fire and Emergency Services,2020-05-25,-39.857142857142854,-3.0,40.57142857142857,-44.0,13.857142857142858,32106,-29.86755485084327
Sheridan Fire Department,2020-02-17,8.666666666666666,1.3333333333333333,37.666666666666664,-6.666666666666667,0.6666666666666666,35232,-9.904993061931373
Sheridan Fire Department,2020-02-24,4.142857142857143,2.2857142857142856,41.42857142857143,1.4285714285714286,-0.42857142857142855,35237,-17.6718916568148
Sheridan Fire Department,2020-03-02,2.142857142857143,1.0,1.7142857142857142,1.1428571428571428,0.14285714285714285,35244,-28.089190661650782
Sheridan Fire Department,2020-03-09,7.571428571428571,5.571428571428571,44.714285714285715,1.0,-0.5714285714285714,35247,-20.20352576742962
Sheridan Fire Department,2020-04-06,-49.857142857142854,-21.142857142857142,57.142857142857146,-58.42857142857143,23.142857142857142,35268,-20.364593686932952
Sheridan Fire Department,2020-05-04,-37.857142857142854,-11.714285714285714,77.0,-55.714285714285715,21.0,35288,4.119948478117264
Sheridan Fire Department,2020-05-11,-32.285714285714285,-7.571428571428571,52.57142857142857,-52.857142857142854,20.714285714285715,35293,26.056298372869183
Sheridan Fire Department,2020-05-25,-19.0,-5.714285714285714,91.42857142857143,-52.142857142857146,18.714285714285715,35306,12.048839150271093
Southern Platte Fire Protection District,2020-02-24,-6.4,23.2,13.6,2.8,-0.2,37339,-0.413795317214544
Southern Platte Fire Protection District,2020-03-09,-6.571428571428571,18.857142857142858,5.0,1.2857142857142858,0.14285714285714285,37353,24.541553653672995
Southern Platte Fire Protection District,2020-03-16,-6.714285714285714,38.42857142857143,11.0,-4.142857142857143,2.5714285714285716,37360,0.059797120731876215
Southern Platte Fire Protection District,2020-04-13,-38.0,29.0,5.285714285714286,-36.0,16.0,37387,-29.50127206955099
Southern Platte Fire Protection District,2020-05-04,-48.857142857142854,8.0,-0.5714285714285714,-47.142857142857146,21.142857142857142,37407,-13.604735033871918
St Louis Park Fire Department,2020-02-17,9.666666666666666,1.3333333333333333,-6.0,-7.0,1.6666666666666667,38023,-27.778262823425198
St Louis Park Fire Department,2020-02-24,2.5714285714285716,1.4285714285714286,4.571428571428571,1.7142857142857142,-0.5714285714285714,38030,-6.456284610619467
St Louis Park Fire Department,2020-03-02,6.571428571428571,3.142857142857143,11.428571428571429,2.5714285714285716,-0.8571428571428571,38036,-13.879820459243778
St Louis Park Fire Department,2020-03-09,7.857142857142857,6.714285714285714,29.0,1.1428571428571428,-0.42857142857142855,38043,-3.3852814547453156
St Louis Park Fire Department,2020-03-16,-3.2857142857142856,13.857142857142858,8.714285714285714,-6.571428571428571,4.0,38050,-12.41756384387585
St Louis Park Fire Department,2020-03-23,-44.142857142857146,-7.142857142857143,15.0,-41.714285714285715,18.428571428571427,38057,-25.93850950602836
St Louis Park Fire Department,2020-03-30,-52.57142857142857,-21.857142857142858,28.571428571428573,-52.57142857142857,22.571428571428573,38064,-17.811682455949136
St Louis Park Fire Department,2020-04-06,-51.714285714285715,-21.0,42.142857142857146,-56.0,23.714285714285715,38071,-9.737931370474282
St Louis Park Fire Department,2020-04-13,-55.0,-22.714285714285715,19.857142857142858,-58.0,23.857142857142858,38077,-22.948748157430703
St Louis Park Fire Department,2020-04-20,-51.0,-19.714285714285715,27.428571428571427,-54.0,23.0,38084,-18.088671127165817
St Louis Park Fire Department,2020-04-27,-46.857142857142854,-16.571428571428573,87.57142857142857,-53.57142857142857,20.714285714285715,38091,-27.587981518007172
St Louis Park Fire Department,2020-05-04,-43.857142857142854,-13.285714285714286,81.0,-52.142857142857146,18.714285714285715,38098,-13.640522357380194
St Louis Park Fire Department,2020-05-11,-42.42857142857143,-9.428571428571429,61.285714285714285,-50.42857142857143,19.428571428571427,38105,-27.899779396719246
St Louis Park Fire Department,2020-05-18,-44.42857142857143,-13.714285714285714,65.42857142857143,-49.57142857142857,19.142857142857142,38112,-34.31464269806482
St Louis Park Fire Department,2020-05-25,-39.714285714285715,-10.571428571428571,110.57142857142857,-51.285714285714285,17.142857142857142,38119,-29.76595156916134
The Villages Public Safety Department,2020-02-17,7.333333333333333,2.3333333333333335,-14.333333333333334,-6.0,0.0,39424,0.5695612857204652
The Villages Public Safety Department,2020-02-24,5.285714285714286,2.2857142857142856,-16.428571428571427,-1.7142857142857142,0.42857142857142855,39431,4.059526270217381
The Villages Public Safety Department,2020-03-02,8.714285714285714,5.571428571428571,-19.857142857142858,-1.4285714285714286,0.0,39438,8.326230261331471
The Villages Public Safety Department,2020-03-09,7.714285714285714,7.428571428571429,-16.857142857142858,-1.0,0.2857142857142857,39445,5.786165136304618
The Villages Public Safety Department,2020-03-16,0.14285714285714285,17.428571428571427,-17.571428571428573,-8.285714285714286,1.7142857142857142,39452,-9.953305300690298
The Villages Public Safety Department,2020-03-23,-32.714285714285715,4.0,-23.428571428571427,-25.857142857142858,7.857142857142857,39459,-21.067823691506515
The Villages Public Safety Department,2020-03-30,-46.714285714285715,-14.857142857142858,-32.857142857142854,-35.857142857142854,11.0,39466,-30.602626897305274
The Villages Public Safety Department,2020-04-06,-52.857142857142854,-20.142857142857142,-45.142857142857146,-40.142857142857146,12.428571428571429,39473,-35.574894753307795
The Villages Public Safety Department,2020-04-13,-56.857142857142854,-27.428571428571427,-43.57142857142857,-42.42857142857143,12.714285714285714,39480,-37.376964352652045
The Villages Public Safety Department,2020-04-20,-54.285714285714285,-26.142857142857142,-51.714285714285715,-40.42857142857143,13.142857142857142,39487,-42.4662410611012
The Villages Public Safety Department,2020-04-27,-49.714285714285715,-23.285714285714285,-43.285714285714285,-37.57142857142857,11.714285714285714,39493,-34.86165637735724
The Villages Public Safety Department,2020-05-04,-44.714285714285715,-17.428571428571427,-40.42857142857143,-34.0,9.142857142857142,39500,-37.432565427723425
The Villages Public Safety Department,2020-05-11,-38.0,-13.571428571428571,-37.142857142857146,-29.142857142857142,8.285714285714286,39507,-31.274323851525185
The Villages Public Safety Department,2020-05-18,-36.142857142857146,-17.857142857142858,-41.285714285714285,-26.857142857142858,7.857142857142857,39514,-31.168393734510854
The Villages Public Safety Department,2020-05-25,-33.57142857142857,-15.714285714285714,-40.857142857142854,-28.142857142857142,7.571428571428571,39521,-23.641001347328224
Toms River Fire District 1,2020-02-24,3.7142857142857144,1.5714285714285714,29.571428571428573,3.2857142857142856,-0.2857142857142857,40098,-4.715726185008224
Toms River Fire District 1,2020-03-02,3.2857142857142856,3.4285714285714284,6.714285714285714,3.142857142857143,-0.7142857142857143,40105,-1.1537618279084418
Toms River Fire District 1,2020-03-09,6.857142857142857,7.142857142857143,43.0,3.4285714285714284,-0.7142857142857143,40112,-8.258178641847296
Toms River Fire District 1,2020-03-23,-37.285714285714285,-7.285714285714286,5.857142857142857,-35.285714285714285,15.142857142857142,40122,-24.10988434405752
Toms River Fire District 1,2020-03-30,-48.714285714285715,-25.714285714285715,-4.428571428571429,-49.142857142857146,20.0,40129,-40.39375806424261
Toms River Fire District 1,2020-04-06,-54.142857142857146,-9.0,-8.0,-50.57142857142857,20.285714285714285,40135,-21.365269362039648
Toms River Fire District 1,2020-04-13,-61.285714285714285,-15.428571428571429,-18.857142857142858,-55.57142857142857,21.857142857142858,40139,10.277306899788565
Toms River Fire District 1,2020-04-20,-56.42857142857143,-21.285714285714285,-11.0,-50.285714285714285,19.857142857142858,40145,12.444442724255678
Toms River Fire District 1,2020-04-27,-55.57142857142857,-20.857142857142858,-13.571428571428571,-47.142857142857146,19.714285714285715,40150,-11.450575711391407
Toms River Fire District 1,2020-05-04,-46.42857142857143,-12.714285714285714,36.0,-44.0,16.714285714285715,40154,-18.723029081335675
Toms River Fire District 1,2020-05-11,-43.857142857142854,-6.571428571428571,30.428571428571427,-41.0,16.857142857142858,40159,-4.144185140784187
Toms River Fire District 1,2020-05-18,-38.857142857142854,-5.714285714285714,77.85714285714286,-38.57142857142857,15.0,40165,8.949736269992085
Toms River Fire District 1,2020-05-25,-36.142857142857146,-1.2857142857142858,74.71428571428571,-40.0,15.571428571428571,40171,13.49888850099737
Washington DC Fire & EMS Department,2020-04-20,-64.28571428571429,-31.857142857142858,-59.0,-62.857142857142854,25.142857142857142,42533,-21.279025435501875
Washington DC Fire & EMS Department,2020-04-27,-64.71428571428571,-33.57142857142857,-63.57142857142857,-63.42857142857143,25.142857142857142,42540,-19.961331150781536
Washington DC Fire & EMS Department,2020-05-04,-61.142857142857146,-27.571428571428573,-53.57142857142857,-60.857142857142854,22.571428571428573,42547,-11.07824138194554
Washington DC Fire & EMS Department,2020-05-11,-60.57142857142857,-25.714285714285715,-58.142857142857146,-60.0,23.142857142857142,42554,-22.3277531984879
Washington DC Fire & EMS Department,2020-05-18,-59.57142857142857,-26.142857142857142,-45.0,-58.285714285714285,22.285714285714285,42561,-19.36467557212913
Washington DC Fire & EMS Department,2020-05-25,-59.42857142857143,-25.714285714285715,-42.0,-58.857142857142854,21.571428571428573,42568,-19.83236693510674
Wayne Township Volunteer Fire Department,2020-03-02,2.142857142857143,1.0,1.7142857142857142,1.1428571428571428,0.14285714285714285,42889,6.088104714053224
Wayne Township Volunteer Fire Department,2020-04-06,-49.857142857142854,-21.142857142857142,57.142857142857146,-58.42857142857143,23.142857142857142,42904,10.662277707414583
Wayne Township Volunteer Fire Department,2020-05-04,-37.857142857142854,-11.714285714285714,77.0,-55.714285714285715,21.0,42920,-32.11843848015028
West Palm Beach Fire Department,2020-02-17,0.3333333333333333,0.3333333333333333,5.666666666666667,-3.6666666666666665,1.3333333333333333,44131,7.818731490804043
West Palm Beach Fire Department,2020-02-24,1.7142857142857142,0.7142857142857143,6.0,1.4285714285714286,0.2857142857142857,44138,1.1449493409254268
West Palm Beach Fire Department,2020-03-02,2.857142857142857,2.5714285714285716,5.571428571428571,0.2857142857142857,0.0,44145,2.6459351056477693
West Palm Beach Fire Department,2020-03-09,2.0,4.571428571428571,1.8571428571428572,0.42857142857142855,0.2857142857142857,44152,6.830485614940563
West Palm Beach Fire Department,2020-03-16,-3.4285714285714284,15.142857142857142,5.714285714285714,-3.7142857142857144,3.0,44159,-4.779152873450868
West Palm Beach Fire Department,2020-03-23,-29.285714285714285,1.5714285714285714,-23.0,-28.0,13.142857142857142,44166,-7.079304788456517
West Palm Beach Fire Department,2020-03-30,-42.42857142857143,-16.142857142857142,-52.142857142857146,-40.57142857142857,18.428571428571427,44173,-16.777418922649584
West Palm Beach Fire Department,2020-04-06,-46.714285714285715,-20.571428571428573,-64.57142857142857,-45.285714285714285,20.714285714285715,44180,-10.006094849381176
West Palm Beach Fire Department,2020-04-13,-50.285714285714285,-27.285714285714285,-64.57142857142857,-48.142857142857146,21.428571428571427,44187,-13.967206466432827
West Palm Beach Fire Department,2020-04-20,-47.285714285714285,-24.0,-63.714285714285715,-44.857142857142854,20.571428571428573,44193,-9.110011860289621
West Palm Beach Fire Department,2020-04-27,-46.142857142857146,-23.0,-61.57142857142857,-43.857142857142854,19.857142857142858,44200,-11.558952406444957
West Palm Beach Fire Department,2020-05-04,-42.142857142857146,-19.428571428571427,-42.857142857142854,-41.42857142857143,17.285714285714285,44206,-18.619050841480487
West Palm Beach Fire Department,2020-05-11,-39.142857142857146,-14.857142857142858,-40.57142857142857,-39.142857142857146,16.857142857142858,44212,-18.06464103549982
West Palm Beach Fire Department,2020-05-18,-36.57142857142857,-19.0,-40.142857142857146,-35.714285714285715,16.285714285714285,44219,-19.93840812053399
West Palm Beach Fire Department,2020-05-25,-33.857142857142854,-18.714285714285715,-34.57142857142857,-38.42857142857143,16.285714285714285,44226,-0.6213624244952862
