date,department_name,intercept,component_1,component_2,avg_change_baseline_incidents,day_of_the_year
2020-02-17,Albuquerque Fire Rescue,1,28.16612632130633,-39.0666355886602,25.23371407202421,48
2020-02-24,Albuquerque Fire Rescue,1,0.3837736242233662,-50.71706557082641,19.16030572448573,55
2020-03-02,Albuquerque Fire Rescue,1,22.85669330487258,-51.927700481480706,17.889366285166307,62
2020-03-09,Albuquerque Fire Rescue,1,30.1130552292696,-48.987909012964245,21.3558049746844,69
2020-03-16,Albuquerque Fire Rescue,1,21.551710293463735,-41.749697126622586,21.427505223764094,76
2020-03-23,Albuquerque Fire Rescue,1,-7.830976254114913,-5.188811115996249,7.323617844034388,83
2020-03-30,Albuquerque Fire Rescue,1,-27.57438929247651,17.028363169383393,-2.1305596495081334,90
2020-04-06,Albuquerque Fire Rescue,1,-11.676999482819896,18.541848778623937,5.90757102004631,97
2020-04-13,Albuquerque Fire Rescue,1,-28.83442568862273,20.1851158316033,5.064949157103877,104
2020-04-20,Albuquerque Fire Rescue,1,-16.923176581320153,15.37923194969893,3.472103824544598,111
2020-04-27,Albuquerque Fire Rescue,1,-9.34437426714437,16.21062665185186,-0.2814533745696513,118
2020-05-04,Albuquerque Fire Rescue,1,-1.3249695936773216,11.54412015390338,-4.274071327643926,125
2020-05-11,Albuquerque Fire Rescue,1,1.9339871436164489,9.104928118875783,-16.27900674977024,132
2020-05-18,Albuquerque Fire Rescue,1,12.88410400102188,10.417751100384358,-13.727237442427196,139
2020-05-25,Albuquerque Fire Rescue,1,19.910234287877792,12.12861743405131,-11.551683170026424,146
2020-02-17,Alexandria Fire Department,1,36.68525683716901,-26.32641060166399,16.13949040526106,48
2020-02-24,Alexandria Fire Department,1,26.245602528572668,-38.324642022003445,0.327212665020582,55
2020-03-02,Alexandria Fire Department,1,4.2442755491458675,-48.77314393748244,6.317329584597509,62
2020-03-09,Alexandria Fire Department,1,45.63470023367746,-38.36054025695945,7.544814360575404,69
2020-03-16,Alexandria Fire Department,1,28.801923237573547,-33.35889859587,6.968244637127205,76
2020-03-23,Alexandria Fire Department,1,22.579241910261594,22.301485423293837,-9.42428653975553,83
2020-03-30,Alexandria Fire Department,1,7.504096549941349,38.53980445130845,-18.188578332470804,90
2020-04-06,Alexandria Fire Department,1,-14.136965512966114,39.41395274984678,-13.24557173498427,97
2020-04-13,Alexandria Fire Department,1,-9.810172746904643,45.957166561997575,-22.08064733664848,104
2020-04-20,Alexandria Fire Department,1,-12.962331150944395,41.91439532150018,-23.90651916197068,111
2020-04-27,Alexandria Fire Department,1,-13.581340412984181,40.72150748049023,-22.5008645086105,118
2020-05-04,Alexandria Fire Department,1,12.978842454406712,44.68548814516385,-21.903598443864304,125
2020-05-11,Alexandria Fire Department,1,2.0366400862800433,37.033971560824966,-14.215644770880882,132
2020-05-18,Alexandria Fire Department,1,46.590989357019765,51.83655802036834,-13.729774221968134,139
2020-02-17,Anne Arundel County Fire Department,1,17.768241215011535,-34.51186507740402,1.011230059657335,48
2020-02-24,Anne Arundel County Fire Department,1,18.968545709756246,-41.89836574824622,0.4365180127696254,55
2020-03-02,Anne Arundel County Fire Department,1,10.98060130816338,-46.556365894033654,-0.2404121123738384,62
2020-03-09,Anne Arundel County Fire Department,1,45.71998508464052,-35.806400677388986,0.9632442248608092,69
2020-03-16,Anne Arundel County Fire Department,1,30.19766934225534,-30.90800130349986,-5.189976595097798,76
2020-03-23,Anne Arundel County Fire Department,1,11.346866503320202,14.050116238250624,-14.788363756428849,83
2020-03-30,Anne Arundel County Fire Department,1,-4.922767005225421,27.975578238457615,-17.805742704829612,90
2020-04-06,Anne Arundel County Fire Department,1,-24.052605105648254,30.536273158736364,-20.317309076981783,97
2020-04-13,Anne Arundel County Fire Department,1,-24.32723758402145,32.81617282618744,-16.12601255098046,104
2020-04-20,Anne Arundel County Fire Department,1,-29.306249361600155,27.10613221004831,-22.204220097016247,111
2020-04-27,Anne Arundel County Fire Department,1,-24.854586590360093,26.09392639107207,-24.004557761719173,118
2020-05-04,Anne Arundel County Fire Department,1,7.976879324240786,33.29013118401033,-19.0170861453335,125
2020-05-11,Anne Arundel County Fire Department,1,11.362258421590962,28.106569212818012,-18.17796804905547,132
2020-05-18,Anne Arundel County Fire Department,1,64.78596090365204,44.148154949349276,-18.651272702105256,139
2020-05-25,Anne Arundel County Fire Department,1,75.81740272585483,47.48514874762005,-17.76610589913808,146
2020-02-17,Beavercreek Township Fire Department,1,15.729199603162458,-39.71527817974271,-2.0579651497603786,48
2020-02-24,Beavercreek Township Fire Department,1,27.572492730609287,-41.21214091534143,6.858877319280407,55
2020-03-02,Beavercreek Township Fire Department,1,7.932758848032689,-49.40838801642127,19.29989040068785,62
2020-03-09,Beavercreek Township Fire Department,1,66.27435795019342,-30.88230793617116,11.199163475107923,69
2020-03-16,Beavercreek Township Fire Department,1,16.525880378963397,-41.05788612571031,-1.5785841748246343,76
2020-03-23,Beavercreek Township Fire Department,1,-8.728508814881845,1.2170650224245514,-16.453633856171994,83
2020-03-30,Beavercreek Township Fire Department,1,18.83194346803855,41.48216054833155,-19.87771429849214,90
2020-04-06,Beavercreek Township Fire Department,1,14.76709486904558,36.615488769386594,-47.03380321393685,97
2020-04-13,Beavercreek Township Fire Department,1,18.44572344799491,41.20246879131987,-14.56673382568867,104
2020-04-20,Beavercreek Township Fire Department,1,17.647779728980183,34.06010647719429,-43.15903788054275,111
2020-04-27,Beavercreek Township Fire Department,1,42.48001759244604,40.325785972791124,-37.47182857887979,118
2020-05-04,Beavercreek Township Fire Department,1,33.288293457273795,32.08421507766756,-26.540070795706917,125
2020-05-11,Beavercreek Township Fire Department,1,28.289955058511453,22.92011522324076,-11.856959036439212,132
2020-05-18,Beavercreek Township Fire Department,1,27.304126361728834,20.0043517815402,-10.045885035371615,139
2020-05-25,Beavercreek Township Fire Department,1,38.81657157375766,19.07891656436863,-10.987703929561436,146
2020-02-17,Bellevue Fire Department,1,27.1668810063185,-30.3915024147637,-1.0580159777903018,48
2020-02-24,Bellevue Fire Department,1,33.93649197314043,-32.468199132019365,3.911837528402032,55
2020-03-02,Bellevue Fire Department,1,29.079490995913478,-40.17768775563229,2.9262058970282463,62
2020-03-09,Bellevue Fire Department,1,17.11203410234845,-25.61609840622832,-3.3287255114906507,69
2020-03-16,Bellevue Fire Department,1,10.029730910081303,-9.369567457657173,-7.622904685780038,76
2020-03-23,Bellevue Fire Department,1,25.495931277928168,35.274710521401204,-6.946552437152524,83
2020-03-30,Bellevue Fire Department,1,-47.22392306882817,33.514237667212456,-22.834632351559605,90
2020-04-06,Bellevue Fire Department,1,-29.484653691034126,39.53458176727548,-23.608139701360603,97
2020-04-13,Bellevue Fire Department,1,-9.055207565163936,46.75072207696873,-16.8878288921364,104
2020-04-20,Bellevue Fire Department,1,-11.791195857913452,42.30112844438743,-15.630778230122791,111
2020-04-27,Bellevue Fire Department,1,-34.94238579778958,34.32961318151563,-30.94732042438542,118
2020-05-04,Bellevue Fire Department,1,-22.06584917505732,32.98794933278205,-25.094183103494466,125
2020-05-11,Bellevue Fire Department,1,21.601562331189086,41.21477259272527,-13.199525962571814,132
2020-05-18,Bellevue Fire Department,1,3.2802971151579148,36.26888332438937,-16.383385272742835,139
2020-05-25,Bellevue Fire Department,1,-1.7654861648870517,34.12984219694693,-20.760427867010183,146
2020-02-17,Boston Fire Department,1,7.921227754654706,-35.54738063995078,2.3250577904807743,48
2020-02-24,Boston Fire Department,1,14.487026468789304,-39.78219171095869,-6.751774969910274,55
2020-03-02,Boston Fire Department,1,16.55802377936256,-47.1604432463427,0.2588507881829349,62
2020-03-09,Boston Fire Department,1,30.109956017371452,-40.597031231427536,4.525452037474788,69
2020-03-16,Boston Fire Department,1,-2.822393953219667,-30.957384953277696,-3.5908421413640466,76
2020-03-23,Boston Fire Department,1,-48.44182465434166,15.55456641601899,-18.71359765868906,83
2020-03-30,Boston Fire Department,1,-65.38908528460122,32.95798873344178,-24.68025327171845,90
2020-04-06,Boston Fire Department,1,-69.9134375614893,32.36695152809792,-19.910745620326217,97
2020-04-20,Boston Fire Department,1,-71.70626797007746,34.52387339963984,-19.28772660261461,111
2020-04-27,Boston Fire Department,1,-79.97046876806577,32.68652870611259,-26.70543208184041,118
2020-05-04,Boston Fire Department,1,-48.56636660839105,33.99804271659879,-14.549748124011488,125
2020-05-11,Boston Fire Department,1,-61.3645355428395,27.741577825996664,-19.556582709408215,132
2020-05-18,Boston Fire Department,1,-37.57011933713824,33.12854020778401,-15.741645973266184,139
2020-05-25,Boston Fire Department,1,-25.775601445965275,35.16754605069179,-14.710647647931731,146
2020-02-17,Broward County Sheriffs Office Department of Fire Rescue,1,-2.7267200566022955,-39.87347440465872,16.281678421185713,48
2020-02-24,Broward County Sheriffs Office Department of Fire Rescue,1,2.3402355354649265,-46.54443197193381,19.37515375831117,55
2020-03-02,Broward County Sheriffs Office Department of Fire Rescue,1,3.4547826042337664,-49.66235557404574,19.63085969458881,62
2020-03-09,Broward County Sheriffs Office Department of Fire Rescue,1,3.43028694974381,-48.94460557985264,10.846332534355664,69
2020-03-16,Broward County Sheriffs Office Department of Fire Rescue,1,-0.8061123945117387,-45.78594447739921,15.383772326360727,76
2020-03-23,Broward County Sheriffs Office Department of Fire Rescue,1,-44.422698689642566,-14.963754403233267,12.213978339803534,83
2020-03-30,Broward County Sheriffs Office Department of Fire Rescue,1,-74.32233837879096,1.4147014390203412,-3.3341961166880205,90
2020-04-06,Broward County Sheriffs Office Department of Fire Rescue,1,-81.92614016802247,3.5956385973073295,0.8612605540005517,97
2020-04-13,Broward County Sheriffs Office Department of Fire Rescue,1,-85.06631169346035,9.250437779086687,-12.306666909096837,104
2020-04-20,Broward County Sheriffs Office Department of Fire Rescue,1,-81.44969900388318,4.758149999802181,-8.246736476143365,111
2020-04-27,Broward County Sheriffs Office Department of Fire Rescue,1,-80.21818846319209,3.820406003312381,-4.219433090401281,118
2020-05-04,Broward County Sheriffs Office Department of Fire Rescue,1,-66.3702270776337,1.8629657346695594,-6.922757013852315,125
2020-05-11,Broward County Sheriffs Office Department of Fire Rescue,1,-62.44829015048741,-1.5329748268906862,-5.491097454322455,132
2020-05-18,Broward County Sheriffs Office Department of Fire Rescue,1,-66.3104459928095,-1.5835164820051113,-0.6218136744959437,139
2020-05-25,Broward County Sheriffs Office Department of Fire Rescue,1,-67.11634952175167,-5.070471290646925,0.6124369935593553,146
2020-02-17,Carmel Fire Department,1,34.92015694127591,-34.76190135214669,10.066738107269703,48
2020-02-24,Carmel Fire Department,1,38.798174174466666,-36.47029003750169,-0.1147744711105591,55
2020-03-02,Carmel Fire Department,1,0.7919864906721966,-47.976586499943274,-0.6742083505969025,62
2020-03-09,Carmel Fire Department,1,43.22005958384802,-38.02800818725254,1.866848249317155,69
2020-03-16,Carmel Fire Department,1,18.466531819717485,-34.13407175370811,-12.30376137259052,76
2020-03-23,Carmel Fire Department,1,-9.624930257466486,13.16343830824965,-3.091863534158723,83
2020-03-30,Carmel Fire Department,1,2.3161201020982456,42.809608806773035,-2.7216777746160745,90
2020-04-06,Carmel Fire Department,1,24.538040696202867,50.916014755240866,-1.123407085228964,97
2020-04-13,Carmel Fire Department,1,11.894649147386668,47.24349891937754,-10.563677585961914,104
2020-04-20,Carmel Fire Department,1,-14.095144974061657,36.30747008188193,-14.88425015016423,111
2020-04-27,Carmel Fire Department,1,41.12452189237606,47.086819385431916,-24.66289224723579,118
2020-05-04,Carmel Fire Department,1,48.3157312836733,45.7331155690869,-15.391146982928468,125
2020-05-11,Carmel Fire Department,1,27.997536830203664,31.236960038801136,-28.56319003051376,132
2020-05-18,Carmel Fire Department,1,35.37190347925829,26.785389495144877,-22.193136203455804,139
2020-05-25,Carmel Fire Department,1,68.38011785037807,34.97254535827081,-15.686931982978678,146
2020-02-17,Cicero Fire Department,1,34.92015694127591,-34.76190135214669,-27.09736126910887,48
2020-02-24,Cicero Fire Department,1,38.798174174466666,-36.47029003750169,-40.17676246481592,55
2020-03-02,Cicero Fire Department,1,0.7919864906721966,-47.976586499943274,-35.21282083760563,62
2020-03-09,Cicero Fire Department,1,43.22005958384802,-38.02800818725254,-40.34357568536237,69
2020-03-30,Cicero Fire Department,1,2.3161201020982456,42.809608806773035,-9.04392819405584,90
2020-04-06,Cicero Fire Department,1,24.538040696202867,50.916014755240866,6.506864086346858,97
2020-04-13,Cicero Fire Department,1,11.894649147386668,47.24349891937754,1.4513819739276346,104
2020-04-20,Cicero Fire Department,1,-14.095144974061657,36.30747008188193,-3.378254122574474,111
2020-05-11,Cicero Fire Department,1,27.997536830203664,31.236960038801136,-24.541529595501743,132
2020-05-18,Cicero Fire Department,1,35.37190347925829,26.785389495144877,-24.44330443927438,139
2020-05-25,Cicero Fire Department,1,68.38011785037807,34.97254535827081,-10.84297414847716,146
2020-02-17,City of Fort Myers Fire Department,1,15.103702816843231,-39.818346826062424,25.403710407103134,48
2020-03-02,City of Fort Myers Fire Department,1,4.954214991905249,-51.58547064470151,-14.211303185750902,62
2020-03-09,City of Fort Myers Fire Department,1,4.622203985409946,-50.122566384380484,-33.97089473276687,69
2020-03-16,City of Fort Myers Fire Department,1,7.034509853860962,-42.013982035879515,-40.03023225299715,76
2020-03-23,City of Fort Myers Fire Department,1,-40.574646486485,-18.392386844082303,-40.49881535323799,83
2020-03-30,City of Fort Myers Fire Department,1,-73.39743057947648,-3.693353552492238,-16.08569643030379,90
2020-04-06,City of Fort Myers Fire Department,1,-87.73694178868345,0.40990403023162575,1.4086829397654108,97
2020-04-13,City of Fort Myers Fire Department,1,-92.58338953020588,5.666569535414953,-5.146777406249254,104
2020-04-20,City of Fort Myers Fire Department,1,-88.99485227001985,-1.229316997252593,-4.931948147402159,111
2020-04-27,City of Fort Myers Fire Department,1,-85.92596454722738,-2.8484113922757714,-1.8312800678169203,118
2020-05-04,City of Fort Myers Fire Department,1,-61.44768639839059,-2.170954894612144,5.123839775880868,125
2020-05-11,City of Fort Myers Fire Department,1,-52.683887094820534,-8.386080809788002,-8.015800216899,132
2020-05-18,City of Fort Myers Fire Department,1,-54.901250353842165,-11.311574264203259,8.424018682806786,139
2020-05-25,City of Fort Myers Fire Department,1,-50.99429052931521,-10.585670615026315,17.127331589527238,146
2020-02-17,City of Saint Paul Fire Department,1,18.187005481829164,-37.498324028222704,-2.23673460846354,48
2020-02-24,City of Saint Paul Fire Department,1,8.920853023186343,-48.599766295333865,-2.291418290335755,55
2020-03-02,City of Saint Paul Fire Department,1,15.397713893731833,-50.457563300622525,0.2366689427419623,62
2020-03-09,City of Saint Paul Fire Department,1,27.795082146327253,-43.518178084182466,-0.0590415596116539,69
2020-03-16,City of Saint Paul Fire Department,1,-0.6930664801329537,-40.04892728941228,-3.268879594524967,76
2020-03-23,City of Saint Paul Fire Department,1,-19.330771236032778,7.331598977527504,-8.562901836238042,83
2020-03-30,City of Saint Paul Fire Department,1,-12.074472221975823,29.455659162545714,-10.260127479354006,90
2020-04-06,City of Saint Paul Fire Department,1,2.2693293653093813,36.08093992916388,-9.327379513867887,97
2020-04-13,City of Saint Paul Fire Department,1,-19.57024809733778,32.97456518627587,-11.457998449648704,104
2020-04-20,City of Saint Paul Fire Department,1,-4.833891333511049,30.24406575774474,-7.8819004004387425,111
2020-04-27,City of Saint Paul Fire Department,1,44.82684921363457,43.39666726332245,-0.5941328177336805,118
2020-05-04,City of Saint Paul Fire Department,1,39.14183291538069,36.19981876407051,0.0769863611221652,125
2020-05-11,City of Saint Paul Fire Department,1,29.29703559639473,28.93276202475916,-0.8000757335732315,132
2020-05-18,City of Saint Paul Fire Department,1,28.564798067828935,30.63921224997478,4.334095987844107,139
2020-05-25,City of Saint Paul Fire Department,1,74.00885755694563,43.435324387527295,6.824610389596759,146
2020-02-17,City of Westfield Fire Department,1,34.92015694127591,-34.76190135214669,-32.5418797306992,48
2020-03-02,City of Westfield Fire Department,1,0.7919864906721966,-47.976586499943274,-19.75587783770361,62
2020-03-09,City of Westfield Fire Department,1,43.22005958384802,-38.02800818725254,-33.46498479648223,69
2020-03-16,City of Westfield Fire Department,1,18.466531819717485,-34.13407175370811,-21.661450385790744,76
2020-03-23,City of Westfield Fire Department,1,-9.624930257466486,13.16343830824965,-29.835425384382017,83
2020-03-30,City of Westfield Fire Department,1,2.3161201020982456,42.809608806773035,-22.66205647597512,90
2020-04-06,City of Westfield Fire Department,1,24.538040696202867,50.916014755240866,2.555731458957428,97
2020-04-13,City of Westfield Fire Department,1,11.894649147386668,47.24349891937754,14.084818766728688,104
2020-04-20,City of Westfield Fire Department,1,-14.095144974061657,36.30747008188193,-39.467765302575735,111
2020-05-04,City of Westfield Fire Department,1,48.3157312836733,45.7331155690869,-27.12822589295299,125
2020-05-11,City of Westfield Fire Department,1,27.997536830203664,31.236960038801136,-3.172213515598222,132
2020-05-18,City of Westfield Fire Department,1,35.37190347925829,26.785389495144877,-24.330584864425195,139
2020-05-25,City of Westfield Fire Department,1,68.38011785037807,34.97254535827081,-14.235382790178976,146
2020-02-17,Coral Gables Fire and Rescue Department,1,-0.8763683395129515,-38.52731433111468,20.3302680082416,48
2020-02-24,Coral Gables Fire and Rescue Department,1,2.3462819255693805,-46.89494940635115,12.30098223456584,55
2020-03-02,Coral Gables Fire and Rescue Department,1,-3.6011695118914475,-51.83336628274657,-1.3485143580350976,62
2020-03-09,Coral Gables Fire and Rescue Department,1,-5.0029374916502265,-51.552780892507606,-3.777910564466353,69
2020-03-16,Coral Gables Fire and Rescue Department,1,-11.133344191746263,-47.761367168333244,-3.9999536822685786,76
2020-03-23,Coral Gables Fire and Rescue Department,1,-66.58574042785919,-18.479257958554708,-27.85210795890517,83
2020-03-30,Coral Gables Fire and Rescue Department,1,-93.66301460709425,1.6973205705862866,-25.425028331606136,90
2020-04-06,Coral Gables Fire and Rescue Department,1,-96.94531366283232,4.509193383552536,-28.682265289177277,97
2020-04-13,Coral Gables Fire and Rescue Department,1,-99.46531899240725,9.786377653332785,-17.418119403439707,104
2020-04-20,Coral Gables Fire and Rescue Department,1,-94.3922057950134,4.166146120046949,-32.836609621557415,111
2020-04-27,Coral Gables Fire and Rescue Department,1,-93.43114633659748,1.8187409762218112,-28.685329463753703,118
2020-05-04,Coral Gables Fire and Rescue Department,1,-81.26189159775126,-1.7453396580097023,-30.736332207414005,125
2020-05-11,Coral Gables Fire and Rescue Department,1,-77.55668796281626,-5.87764807049419,-24.186774546521075,132
2020-05-18,Coral Gables Fire and Rescue Department,1,-79.17787680922889,-5.729875646788838,-14.707106743491648,139
2020-05-25,Coral Gables Fire and Rescue Department,1,-79.93881801123786,-7.487515396581127,-15.116600663769477,146
2020-02-17,Delaware Fire Department,1,26.22349327645953,-38.43700564875451,24.52371877117561,48
2020-02-24,Delaware Fire Department,1,29.6104177070596,-39.62027252818398,-3.849228498867199,55
2020-03-02,Delaware Fire Department,1,8.726358201652507,-46.67721923395493,3.798562095744013,62
2020-03-16,Delaware Fire Department,1,33.09708927190605,-29.849937759141266,-5.400146895237181,76
2020-03-23,Delaware Fire Department,1,25.480779576503018,31.318964971575912,-17.18591924079511,83
2020-03-30,Delaware Fire Department,1,34.824020404872485,55.42913654034939,-31.30454428675375,90
2020-04-13,Delaware Fire Department,1,9.008730091610504,51.77995628245809,-18.072382265739492,104
2020-05-11,Delaware Fire Department,1,18.827105926047626,36.18091475631121,-22.20644268047072,132
2020-05-18,Delaware Fire Department,1,34.054630165647545,36.91923667216998,-22.104280603852228,139
2020-02-17,Delray Beach Fire-Rescue Department,1,3.065698069851582,-42.04814896243477,4.099436682717977,48
2020-02-24,Delray Beach Fire-Rescue Department,1,4.6841190836373325,-46.35122787596759,-5.904242037010095,55
2020-03-02,Delray Beach Fire-Rescue Department,1,4.712531652185634,-47.008157744149806,-9.833762623381372,62
2020-03-09,Delray Beach Fire-Rescue Department,1,1.3276481730846823,-48.292325368555574,-8.086809414854716,69
2020-03-16,Delray Beach Fire-Rescue Department,1,4.333403941995066,-43.23801674744347,4.679179252777311,76
2020-03-23,Delray Beach Fire-Rescue Department,1,-36.02253854267687,-16.02672205627381,-2.4970429331068797,83
2020-03-30,Delray Beach Fire-Rescue Department,1,-71.9126622896154,-4.071728404392617,-20.056790481667058,90
2020-04-06,Delray Beach Fire-Rescue Department,1,-86.28663703137343,-0.9801121385543898,-4.178135953179514,97
2020-04-13,Delray Beach Fire-Rescue Department,1,-88.77438001608073,4.895228198926876,-24.836175896385036,104
2020-04-20,Delray Beach Fire-Rescue Department,1,-86.09211973513509,0.2399135126760408,-20.31679062606323,111
2020-04-27,Delray Beach Fire-Rescue Department,1,-83.41680752756753,-0.7940724649228423,-11.869561398300224,118
2020-05-04,Delray Beach Fire-Rescue Department,1,-63.70195059774573,0.0014835628140415337,-18.513717310108063,125
2020-05-11,Delray Beach Fire-Rescue Department,1,-59.67202068533951,-3.7691356355618413,-15.32424079458734,132
2020-05-18,Delray Beach Fire-Rescue Department,1,-58.67368443156586,-6.382947164867272,-18.647945479333288,139
2020-05-25,Delray Beach Fire-Rescue Department,1,-53.14065739025416,-4.474269844050032,-5.769100672057107,146
2020-02-17,East Pierce Fire and Rescue,1,28.269921190846553,-31.415936708667726,-0.6422653367981209,48
2020-02-24,East Pierce Fire and Rescue,1,36.32035369650157,-36.576557148461646,11.35856445230689,55
2020-03-02,East Pierce Fire and Rescue,1,34.45123980718867,-42.66549659109504,-8.588541750270021,62
2020-03-09,East Pierce Fire and Rescue,1,30.209388698503453,-38.98031436456013,-4.664731879955389,69
2020-03-16,East Pierce Fire and Rescue,1,23.188246042447403,-32.014577933447036,-8.091002015000218,76
2020-03-23,East Pierce Fire and Rescue,1,41.331609843020935,12.756288624888546,-7.628047935011206,83
2020-03-30,East Pierce Fire and Rescue,1,-42.42824377359634,10.893526020522382,-19.96380727244589,90
2020-04-06,East Pierce Fire and Rescue,1,-19.00580560206862,15.651276808196538,-17.830479988852243,97
2020-04-13,East Pierce Fire and Rescue,1,6.0079540308208035,24.446662945710365,-0.8769284208373228,104
2020-04-20,East Pierce Fire and Rescue,1,10.330168531028699,18.59979697196169,-7.281133992026,111
2020-04-27,East Pierce Fire and Rescue,1,-10.36457487315949,11.904753931547353,-9.975968766178758,118
2020-05-04,East Pierce Fire and Rescue,1,-0.09430609187904716,8.206159523503763,-6.173701103526506,125
2020-05-11,East Pierce Fire and Rescue,1,66.32120783921785,22.75230288206543,-4.504843005994199,132
2020-05-18,East Pierce Fire and Rescue,1,27.42527013577614,12.453312773372526,-17.889022942720057,139
2020-05-25,East Pierce Fire and Rescue,1,34.4297712604461,17.013568343932103,-21.52078720290797,146
2020-02-17,Fishers Fire and Emergency Services,1,34.92015694127591,-34.76190135214669,-7.581857632235388,48
2020-02-24,Fishers Fire and Emergency Services,1,38.798174174466666,-36.47029003750169,-16.55063529919288,55
2020-03-02,Fishers Fire and Emergency Services,1,0.7919864906721966,-47.976586499943274,-12.492175468135708,62
2020-03-09,Fishers Fire and Emergency Services,1,43.22005958384802,-38.02800818725254,-19.620799192143824,69
2020-03-16,Fishers Fire and Emergency Services,1,18.466531819717485,-34.13407175370811,-11.371183993744506,76
2020-03-23,Fishers Fire and Emergency Services,1,-9.624930257466486,13.16343830824965,-9.970110168967546,83
2020-04-06,Fishers Fire and Emergency Services,1,24.538040696202867,50.916014755240866,-18.9330749928682,97
2020-04-13,Fishers Fire and Emergency Services,1,11.894649147386668,47.24349891937754,-27.783691104871245,104
2020-04-20,Fishers Fire and Emergency Services,1,-14.095144974061657,36.30747008188193,-21.0512055799212,111
2020-05-04,Fishers Fire and Emergency Services,1,48.3157312836733,45.7331155690869,-27.30590570433215,125
2020-05-11,Fishers Fire and Emergency Services,1,27.997536830203664,31.236960038801136,-32.57109184999769,132
2020-05-18,Fishers Fire and Emergency Services,1,35.37190347925829,26.785389495144877,-6.577413678415815,139
2020-05-25,Fishers Fire and Emergency Services,1,68.38011785037807,34.97254535827081,8.513974867689678,146
2020-02-24,Hall County Fire Services,1,-12.784727731597425,-49.573808319269794,2.468147439524309,55
2020-03-02,Hall County Fire Services,1,9.0443859884239,-49.05463920845749,-1.7845423292454927,62
2020-03-16,Hall County Fire Services,1,20.48151654602273,-39.04706834873971,2.036666597989212,76
2020-03-23,Hall County Fire Services,1,10.121440162871595,-20.608672652552876,-5.549846910726872,83
2020-04-13,Hall County Fire Services,1,6.246630389774651,23.20587704959176,-6.086790233240385,104
2020-05-18,Hall County Fire Services,1,84.83153876857392,21.104787851930862,-6.715892762968862,139
2020-02-17,Jackson County Fire District 3,1,31.610724049678012,-32.244293975911404,7.875569876430006,48
2020-02-24,Jackson County Fire District 3,1,42.85620445823197,-36.35175943961257,-8.88060366672509,55
2020-03-02,Jackson County Fire District 3,1,44.123506694994155,-40.76408968365381,8.071345618077968,62
2020-03-09,Jackson County Fire District 3,1,36.320734671065225,-41.041818159364325,-2.3684075717475137,69
2020-03-16,Jackson County Fire District 3,1,35.1540794012961,-34.14551897125297,11.22778544359051,76
2020-03-23,Jackson County Fire District 3,1,48.99857397088055,9.58524725737757,3.9157035121845194,83
2020-03-30,Jackson County Fire District 3,1,-24.765762292005622,10.406964283319649,-14.8636827446243,90
2020-04-06,Jackson County Fire District 3,1,-16.005468307479944,10.943327323668651,-13.904726798061972,97
2020-04-13,Jackson County Fire District 3,1,19.30612269618207,21.228530707629794,3.4359470967598518,104
2020-04-20,Jackson County Fire District 3,1,23.32201136270067,14.34380602661563,-11.086727919725478,111
2020-04-27,Jackson County Fire District 3,1,16.039489977309717,12.445709372716312,-16.034397390652913,118
2020-05-04,Jackson County Fire District 3,1,24.662503445729893,6.713404299003263,-1.376271023053221,125
2020-05-11,Jackson County Fire District 3,1,43.591609925025686,8.159099991630116,-9.781738703107528,132
2020-05-18,Jackson County Fire District 3,1,3.0960441963416607,-5.900792404619541,-23.937746141875675,139
2020-05-25,Jackson County Fire District 3,1,78.85925199238817,15.551673828200702,-21.366430328408462,146
2020-02-17,Jackson Township Fire Department,1,34.92015694127591,-34.76190135214669,-17.33412939191596,48
2020-03-02,Jackson Township Fire Department,1,0.7919864906721966,-47.976586499943274,6.590725822846457,62
2020-03-09,Jackson Township Fire Department,1,43.22005958384802,-38.02800818725254,-22.066918702658118,69
2020-03-16,Jackson Township Fire Department,1,18.466531819717485,-34.13407175370811,-23.493176520608667,76
2020-03-23,Jackson Township Fire Department,1,-9.624930257466486,13.16343830824965,-16.514197316879184,83
2020-03-30,Jackson Township Fire Department,1,2.3161201020982456,42.809608806773035,-28.34382149390687,90
2020-04-06,Jackson Township Fire Department,1,24.538040696202867,50.916014755240866,-48.68197613416032,97
2020-04-13,Jackson Township Fire Department,1,11.894649147386668,47.24349891937754,-14.492227547805996,104
2020-04-20,Jackson Township Fire Department,1,-14.095144974061657,36.30747008188193,-18.121176082327995,111
2020-05-04,Jackson Township Fire Department,1,48.3157312836733,45.7331155690869,-16.58685219656353,125
2020-05-11,Jackson Township Fire Department,1,27.997536830203664,31.236960038801136,-25.13008184985089,132
2020-05-25,Jackson Township Fire Department,1,68.38011785037807,34.97254535827081,-26.055661782383503,146
2020-02-17,Lexington Fire Department,1,9.860966630034447,-42.67392350365764,5.036771725944504,48
2020-02-24,Lexington Fire Department,1,6.40935141675863,-46.721988842115096,5.135114002976506,55
2020-03-02,Lexington Fire Department,1,14.121158314881328,-52.42676044782063,8.582440426694466,62
2020-03-09,Lexington Fire Department,1,52.57054050124064,-38.76222784953099,-0.5243808932141928,69
2020-03-16,Lexington Fire Department,1,4.51556547773856,-40.7368464814805,-0.7274089083886358,76
2020-03-23,Lexington Fire Department,1,-7.992201973848216,-0.36331593578773713,-12.703219522670745,83
2020-03-30,Lexington Fire Department,1,31.044357225354066,30.999390634193816,-4.016656374284442,90
2020-04-06,Lexington Fire Department,1,-13.134661683392112,18.65464804279544,-7.326199824877938,97
2020-04-13,Lexington Fire Department,1,-27.56890801218065,20.00648170766903,-14.619466503624055,104
2020-04-20,Lexington Fire Department,1,-25.765094745932508,14.663008459908305,-12.857612087245457,111
2020-04-27,Lexington Fire Department,1,-23.14157318691092,15.708104973287517,-9.915193701411054,118
2020-05-04,Lexington Fire Department,1,-0.8032338873633095,16.42073396420526,-12.06531065054322,125
2020-05-11,Lexington Fire Department,1,-12.033437576205008,7.867708104057044,-14.023795956703244,132
2020-05-18,Lexington Fire Department,1,11.390997666821423,12.684491954733359,-8.351544166261915,139
2020-05-25,Lexington Fire Department,1,20.669493175632685,11.09430595348859,-2.7603128241088206,146
2020-02-17,Loudoun County Fire Rescue and EMS,1,8.310079105707027,-40.25087152385927,24.77664312083117,48
2020-02-24,Loudoun County Fire Rescue and EMS,1,5.328561691288239,-49.4201310528101,26.9538625660712,55
2020-03-02,Loudoun County Fire Rescue and EMS,1,-0.9364935249915516,-49.21825503556696,35.35162445122519,62
2020-03-09,Loudoun County Fire Rescue and EMS,1,18.9487115974668,-43.65437273480149,47.14675541148176,69
2020-03-16,Loudoun County Fire Rescue and EMS,1,6.86361112582013,-34.452258313789564,38.75039571413429,76
2020-03-23,Loudoun County Fire Rescue and EMS,1,-27.733005913861575,4.8032382542636896,25.51183335187802,83
2020-03-30,Loudoun County Fire Rescue and EMS,1,-45.802193330845036,18.8915389139294,11.56000061455626,90
2020-04-06,Loudoun County Fire Rescue and EMS,1,-49.37170354283252,24.89666271164799,13.636776146595194,97
2020-04-13,Loudoun County Fire Rescue and EMS,1,-56.170197929680526,26.890527410771824,10.986767829859671,104
2020-04-20,Loudoun County Fire Rescue and EMS,1,-55.074887021973,27.532267176680193,-1.5050647669245727,111
2020-04-27,Loudoun County Fire Rescue and EMS,1,-51.229019426800065,26.312248473927895,7.85293665575012,118
2020-05-04,Loudoun County Fire Rescue and EMS,1,-49.44352422311669,24.985893588560682,12.809618465033925,125
2020-05-11,Loudoun County Fire Rescue and EMS,1,-42.59375932012953,18.331415972824868,4.905979282650326,132
2020-05-18,Loudoun County Fire Rescue and EMS,1,-24.409459493761016,22.077130979493397,14.856643508283693,139
2020-05-25,Loudoun County Fire Rescue and EMS,1,-16.22876875208724,22.406880628980183,9.44467367842748,146
2020-02-17,Memphis Division of Fire Services,1,31.80542516445586,-32.068887934996056,-1.1127069074572558,48
2020-02-24,Memphis Division of Fire Services,1,4.771426909188836,-42.97746958943703,-5.964424690392036,55
2020-03-02,Memphis Division of Fire Services,1,32.45117254921424,-48.637820565093875,-5.344867841226649,62
2020-03-09,Memphis Division of Fire Services,1,49.45441479146301,-41.900481784059636,-1.8797105185913208,69
2020-03-16,Memphis Division of Fire Services,1,1.392143757382516,-44.237777419247145,-3.4507828990251577,76
2020-03-23,Memphis Division of Fire Services,1,-34.14767361206503,-25.141033116293894,-9.177320112959974,83
2020-03-30,Memphis Division of Fire Services,1,-38.557798109692946,-2.219873170353104,-6.9819246244331366,90
2020-04-06,Memphis Division of Fire Services,1,-42.61074915466166,-6.492376539967485,-15.457746915194663,97
2020-04-13,Memphis Division of Fire Services,1,-57.98909677965684,-3.39540442643245,-14.249262421638706,104
2020-04-20,Memphis Division of Fire Services,1,-45.66455384968034,-8.839001934103985,-13.543622912033513,111
2020-04-27,Memphis Division of Fire Services,1,-42.4466541925043,-9.127779896639474,-19.301049249446,118
2020-05-04,Memphis Division of Fire Services,1,-26.49599093729527,-12.4591384599401,-10.5719802094282,125
2020-05-11,Memphis Division of Fire Services,1,-22.073132502179806,-17.714955272897697,-11.468408268490895,132
2020-05-18,Memphis Division of Fire Services,1,-23.46586570458868,-17.40013861001875,-8.768414818982816,139
2020-05-25,Memphis Division of Fire Services,1,-9.45281402733932,-12.477284481080583,-3.978609215552017,146
2020-02-17,Miami-Dade Fire Rescue Department,1,-0.8763683395129515,-38.52731433111468,-0.2856786055429011,48
2020-02-24,Miami-Dade Fire Rescue Department,1,2.3462819255693805,-46.89494940635115,0.4551062233397634,55
2020-03-02,Miami-Dade Fire Rescue Department,1,-3.6011695118914475,-51.83336628274657,-0.2316899253234275,62
2020-03-09,Miami-Dade Fire Rescue Department,1,-5.0029374916502265,-51.552780892507606,3.817180857913204,69
2020-03-16,Miami-Dade Fire Rescue Department,1,-11.133344191746263,-47.761367168333244,3.485242412405681,76
2020-03-23,Miami-Dade Fire Rescue Department,1,-66.58574042785919,-18.479257958554708,-6.499219862811087,83
2020-03-30,Miami-Dade Fire Rescue Department,1,-93.66301460709425,1.6973205705862866,-6.158008587449966,90
2020-04-06,Miami-Dade Fire Rescue Department,1,-96.94531366283232,4.509193383552536,-11.120508673381888,97
2020-04-13,Miami-Dade Fire Rescue Department,1,-99.46531899240725,9.786377653332785,-12.217682800800466,104
2020-04-20,Miami-Dade Fire Rescue Department,1,-94.3922057950134,4.166146120046949,-14.238477625060607,111
2020-04-27,Miami-Dade Fire Rescue Department,1,-93.43114633659748,1.8187409762218112,-12.283611366658734,118
2020-05-04,Miami-Dade Fire Rescue Department,1,-81.26189159775126,-1.7453396580097023,-14.46983215039586,125
2020-05-11,Miami-Dade Fire Rescue Department,1,-77.55668796281626,-5.87764807049419,-15.247190558973472,132
2020-05-18,Miami-Dade Fire Rescue Department,1,-79.17787680922889,-5.729875646788838,-15.344934175103834,139
2020-05-25,Miami-Dade Fire Rescue Department,1,-79.93881801123786,-7.487515396581127,-11.62653868534738,146
2020-02-17,New Rochelle Fire Department,1,8.846504036152954,-31.065797816870532,-3.6069317529046794,48
2020-02-24,New Rochelle Fire Department,1,18.24697185027855,-34.047748570508894,1.331735898779277,55
2020-03-02,New Rochelle Fire Department,1,5.816193530452963,-47.11369657921651,0.3947954703290237,62
2020-03-09,New Rochelle Fire Department,1,36.27398032632105,-36.27281721148691,-20.77482596569562,69
2020-03-16,New Rochelle Fire Department,1,32.539967651710036,-23.221219429930105,-12.77531689399889,76
2020-03-23,New Rochelle Fire Department,1,-1.4120210569805314,17.017665573764027,-23.981218166626167,83
2020-03-30,New Rochelle Fire Department,1,-27.192436284227863,35.67307474109827,-0.5775803001797334,90
2020-04-06,New Rochelle Fire Department,1,-4.240162963841933,45.138733653202245,24.157097748137307,97
2020-04-13,New Rochelle Fire Department,1,-3.6023264740360177,56.11085588572057,14.224003784430296,104
2020-04-20,New Rochelle Fire Department,1,-34.481405428286536,46.465636406220696,-16.48147180982234,111
2020-04-27,New Rochelle Fire Department,1,-46.62442964063462,37.85569827364724,-13.916947938186452,118
2020-05-04,New Rochelle Fire Department,1,-31.007726839620858,37.91714377560608,-14.55556298215487,125
2020-05-11,New Rochelle Fire Department,1,-16.416997271396447,36.518171024071314,-13.617113540634977,132
2020-05-18,New Rochelle Fire Department,1,-9.882214328685903,34.48125991625004,-6.036480178827303,139
2020-05-25,New Rochelle Fire Department,1,-3.4439593259570875,31.900997685229008,-14.081579474434688,146
2020-02-17,Newport News Fire Department,1,4.83635843049011,-41.465739226846075,-4.656445437156579,48
2020-02-24,Newport News Fire Department,1,-4.157751617150235,-46.318124645229524,2.261325794507289,55
2020-03-02,Newport News Fire Department,1,14.929048604307999,-51.87606106828337,-7.9274195104185745,62
2020-03-09,Newport News Fire Department,1,29.037068615426747,-44.92718173899835,-0.5373717699131458,69
2020-03-16,Newport News Fire Department,1,24.244506208676047,-40.105157208220206,-0.4758543059796017,76
2020-03-23,Newport News Fire Department,1,10.947767611342247,-2.2912404605553616,-7.483346693644215,83
2020-03-30,Newport News Fire Department,1,9.820749870556588,12.91361146674642,-19.549898356331664,90
2020-04-06,Newport News Fire Department,1,-16.66317632399889,8.757532708907032,-17.672746046632703,97
2020-04-13,Newport News Fire Department,1,-2.8290527511162185,17.284766352531033,-9.012682871823449,104
2020-04-20,Newport News Fire Department,1,-4.092421739566882,10.386177020229283,-18.70964629017505,111
2020-04-27,Newport News Fire Department,1,-2.0168385512557663,10.320451360857763,-22.270947745029765,118
2020-05-04,Newport News Fire Department,1,32.67344363164929,15.913127727054688,-18.51577385091265,125
2020-05-11,Newport News Fire Department,1,13.851409531773067,5.646578220698282,-17.378520893837138,132
2020-05-18,Newport News Fire Department,1,28.022867156022276,10.846966562738391,-7.239256780438789,139
2020-05-25,Newport News Fire Department,1,25.7589291578015,12.9021759182872,-20.57077063495005,146
2020-02-17,Noblesville Fire Department,1,34.92015694127591,-34.76190135214669,-9.5777493022435,48
2020-02-24,Noblesville Fire Department,1,38.798174174466666,-36.47029003750169,-6.308055656104278,55
2020-03-02,Noblesville Fire Department,1,0.7919864906721966,-47.976586499943274,-4.014291383984501,62
2020-03-09,Noblesville Fire Department,1,43.22005958384802,-38.02800818725254,-29.23890387467768,69
2020-03-16,Noblesville Fire Department,1,18.466531819717485,-34.13407175370811,-7.287907827797128,76
2020-03-23,Noblesville Fire Department,1,-9.624930257466486,13.16343830824965,-29.744225499020352,83
2020-03-30,Noblesville Fire Department,1,2.3161201020982456,42.809608806773035,1.2138414842753384,90
2020-04-06,Noblesville Fire Department,1,24.538040696202867,50.916014755240866,-17.877071292834575,97
2020-04-13,Noblesville Fire Department,1,11.894649147386668,47.24349891937754,-4.541082306736231,104
2020-04-20,Noblesville Fire Department,1,-14.095144974061657,36.30747008188193,-24.792752638622467,111
2020-04-27,Noblesville Fire Department,1,41.12452189237606,47.086819385431916,-16.771245435028828,118
2020-05-04,Noblesville Fire Department,1,48.3157312836733,45.7331155690869,-0.7155812678621771,125
2020-05-11,Noblesville Fire Department,1,27.997536830203664,31.236960038801136,-7.457602031299041,132
2020-05-18,Noblesville Fire Department,1,35.37190347925829,26.785389495144877,-3.2700180342714265,139
2020-05-25,Noblesville Fire Department,1,68.38011785037807,34.97254535827081,-20.133504165376472,146
2020-02-17,Olathe Fire Department,1,76.69405813596127,-22.514382602758786,51.48765643383697,48
2020-02-24,Olathe Fire Department,1,53.51491978049788,-33.27596328973481,50.9616311758928,55
2020-03-02,Olathe Fire Department,1,94.22301474086726,-22.670806686294092,31.191810168608946,62
2020-03-09,Olathe Fire Department,1,111.20093603461113,-16.941641893174562,54.90024499088779,69
2020-03-16,Olathe Fire Department,1,43.430714389683864,-30.865041593595105,52.42340148046427,76
2020-03-23,Olathe Fire Department,1,42.09125696130602,18.23312912619542,33.63042472348733,83
2020-03-30,Olathe Fire Department,1,90.76772647907174,70.31883973763527,9.689447280865132,90
2020-04-06,Olathe Fire Department,1,48.57989229528616,53.74827052852503,51.30033135053214,97
2020-04-13,Olathe Fire Department,1,55.09418620280068,57.908419610466574,57.72603572015348,104
2020-04-20,Olathe Fire Department,1,70.21953423784944,57.5449326645668,102.88341248486594,111
2020-04-27,Olathe Fire Department,1,102.60984952169433,65.36069879801073,78.6946769858388,118
2020-05-04,Olathe Fire Department,1,104.71835868921751,62.95670608981756,40.12268596941509,125
2020-05-11,Olathe Fire Department,1,81.49070864242412,48.24680429824656,-12.422113899625746,132
2020-05-18,Olathe Fire Department,1,100.51654478425544,47.400993348211976,-3.712414158542359,139
2020-05-25,Olathe Fire Department,1,156.3940593336265,61.882617323214305,-10.614226380916092,146
2020-02-17,Orlando Fire Department,1,17.919386280975147,-39.14894475304811,6.210360627630052,48
2020-02-24,Orlando Fire Department,1,7.603086147610924,-46.39189437900162,2.7455449712257005,55
2020-03-02,Orlando Fire Department,1,11.192733370404962,-47.505824373179465,2.156697658001442,62
2020-03-09,Orlando Fire Department,1,11.365597507969564,-45.05693101831913,2.447409299266149,69
2020-03-16,Orlando Fire Department,1,-0.47371326537001107,-37.24407730383937,-3.208057954681024,76
2020-03-23,Orlando Fire Department,1,-41.53542863126545,2.1454213136745937,-5.6094817410946405,83
2020-03-30,Orlando Fire Department,1,-70.48760991536258,17.98726871323304,-15.113427235716753,90
2020-04-06,Orlando Fire Department,1,-78.51843347641288,23.23993231988397,-19.3894948287336,97
2020-04-13,Orlando Fire Department,1,-81.58181898514789,24.185254356555824,-16.444546650928736,104
2020-04-20,Orlando Fire Department,1,-101.12712988166813,12.149424121227502,-27.97122218763648,111
2020-04-27,Orlando Fire Department,1,-96.41764413357653,11.158881875851828,-33.440282072402724,118
2020-05-04,Orlando Fire Department,1,-90.22578066515649,6.164443870710992,-36.20086026383198,125
2020-05-11,Orlando Fire Department,1,-85.92209763143909,0.35068070234377546,-34.339983938833136,132
2020-05-18,Orlando Fire Department,1,-84.06742694110882,-2.5746084049461206,-37.282154415625214,139
2020-05-25,Orlando Fire Department,1,-78.0916333627208,-1.3802971447623213,-29.417859127617767,146
2020-02-17,Pasco Fire Department,1,47.652259469664656,-31.295951198985613,-0.2145383291502822,48
2020-02-24,Pasco Fire Department,1,40.22512298289544,-35.3962327043983,2.405390100210617,55
2020-03-02,Pasco Fire Department,1,57.77235487809892,-39.4917932377517,-0.2049885271765099,62
2020-03-09,Pasco Fire Department,1,55.88438930192337,-35.61857700390277,7.162863400040338,69
2020-03-16,Pasco Fire Department,1,25.804124990439433,-37.40477393789612,9.724193377576244,76
2020-03-23,Pasco Fire Department,1,68.30933704477455,23.388533537847565,9.642088804881794,83
2020-04-06,Pasco Fire Department,1,9.548322057409571,29.480499213651257,1.113887748043956,97
2020-04-13,Pasco Fire Department,1,48.39275856695362,42.97323456202758,-7.235854894653761,104
2020-04-20,Pasco Fire Department,1,63.141249283487234,37.49615829063032,-0.2655830251529649,111
2020-04-27,Pasco Fire Department,1,47.518842253264275,30.828301258211457,-8.971919347266576,118
2020-05-11,Pasco Fire Department,1,109.34571899349264,37.39613275671255,-6.540723309899263,132
2020-02-17,Plainfield Fire Protection District,1,5.4908620310549185,-41.95977526486369,-7.618159915063275,48
2020-02-24,Plainfield Fire Protection District,1,26.490900694949776,-41.650138065090786,-4.7553121915909164,55
2020-03-02,Plainfield Fire Protection District,1,27.356698212880897,-41.18216462198954,3.3987048851652304,62
2020-03-09,Plainfield Fire Protection District,1,54.44694023006218,-35.71451376390714,17.327633035384824,69
2020-03-16,Plainfield Fire Protection District,1,24.393449664162233,-44.27948190841832,6.106304581609739,76
2020-03-23,Plainfield Fire Protection District,1,-24.70716508172368,-0.1242959644518376,-26.746205168936736,83
2020-03-30,Plainfield Fire Protection District,1,-30.53149477656471,17.42012936470722,-26.062116006050843,90
2020-04-06,Plainfield Fire Protection District,1,-8.015032976537977,23.191976951339637,-18.671303433360745,97
2020-04-13,Plainfield Fire Protection District,1,-13.55417223103616,23.94522258301625,-39.90813774073447,104
2020-04-20,Plainfield Fire Protection District,1,-16.288308218782657,16.060078978110457,-28.137127546040407,111
2020-04-27,Plainfield Fire Protection District,1,-8.581354460626917,16.278326741184582,-18.8989472426421,118
2020-05-04,Plainfield Fire Protection District,1,28.25806170748851,23.129942073945262,-27.592698288568013,125
2020-05-11,Plainfield Fire Protection District,1,13.483473559940151,13.222807440886093,-11.744883370512875,132
2020-05-18,Plainfield Fire Protection District,1,22.011348247375036,17.57152699594043,-9.37502888273033,139
2020-05-25,Plainfield Fire Protection District,1,52.73763169259996,23.48899617206268,-4.461811702095107,146
2020-02-17,Richland Fire and Emergency Services,1,47.652259469664656,-31.295951198985613,-0.1644447807639511,48
2020-02-24,Richland Fire and Emergency Services,1,40.22512298289544,-35.3962327043983,2.455784270664953,55
2020-03-02,Richland Fire and Emergency Services,1,57.77235487809892,-39.4917932377517,-0.1685551695026764,62
2020-03-09,Richland Fire and Emergency Services,1,55.88438930192337,-35.61857700390277,7.173941445206028,69
2020-03-16,Richland Fire and Emergency Services,1,25.804124990439433,-37.40477393789612,9.732134837968667,76
2020-03-23,Richland Fire and Emergency Services,1,68.30933704477455,23.388533537847565,9.657790346755286,83
2020-04-06,Richland Fire and Emergency Services,1,9.548322057409571,29.480499213651257,1.124548919396304,97
2020-04-13,Richland Fire and Emergency Services,1,48.39275856695362,42.97323456202758,-7.223233246141242,104
2020-04-20,Richland Fire and Emergency Services,1,63.141249283487234,37.49615829063032,-0.2499045843047599,111
2020-04-27,Richland Fire and Emergency Services,1,47.518842253264275,30.828301258211457,-8.95786095116008,118
2020-05-11,Richland Fire and Emergency Services,1,109.34571899349264,37.39613275671255,-6.542998752985949,132
2020-02-17,Richmond Fire and Emergency Services,1,7.906232815076504,-41.56150466878714,-0.0715791772325479,48
2020-02-24,Richmond Fire and Emergency Services,1,6.076067923815683,-47.16121241973935,-0.1397746859594697,55
2020-03-02,Richmond Fire and Emergency Services,1,6.620511938828093,-52.927432654700375,5.029495251705659,62
2020-03-09,Richmond Fire and Emergency Services,1,36.98856553920193,-42.21202421427026,10.332227575072867,69
2020-03-16,Richmond Fire and Emergency Services,1,27.07238910894312,-30.21501518116524,-2.639372214586396,76
2020-03-23,Richmond Fire and Emergency Services,1,26.44692786080352,16.355033174673576,-26.46973374193411,83
2020-03-30,Richmond Fire and Emergency Services,1,19.919193863926775,28.48575017544192,-31.25880441011537,90
2020-04-06,Richmond Fire and Emergency Services,1,-6.562745559533,23.124688619565827,-35.931900312875584,97
2020-04-13,Richmond Fire and Emergency Services,1,2.307786489593441,31.375378715798746,-30.354123598380077,104
2020-04-20,Richmond Fire and Emergency Services,1,2.986570612312468,24.096338626164,-33.90977442122188,111
2020-05-04,Richmond Fire and Emergency Services,1,27.063539072857658,26.061064278383324,-22.9990813668821,125
2020-05-11,Richmond Fire and Emergency Services,1,11.317463069491644,17.491344148594145,-34.32664478934624,132
2020-05-18,Richmond Fire and Emergency Services,1,40.556746945024024,27.805445775193405,-37.61514356906856,139
2020-05-25,Richmond Fire and Emergency Services,1,17.491515250226488,23.160968632383632,-29.86755485084327,146
2020-02-17,Sheridan Fire Department,1,34.92015694127591,-34.76190135214669,-9.904993061931371,48
2020-02-24,Sheridan Fire Department,1,38.798174174466666,-36.47029003750169,-17.6718916568148,55
2020-03-02,Sheridan Fire Department,1,0.7919864906721966,-47.976586499943274,-28.089190661650782,62
2020-03-09,Sheridan Fire Department,1,43.22005958384802,-38.02800818725254,-20.20352576742962,69
2020-04-06,Sheridan Fire Department,1,24.538040696202867,50.916014755240866,-20.364593686932952,97
2020-05-04,Sheridan Fire Department,1,48.3157312836733,45.7331155690869,4.119948478117264,125
2020-05-11,Sheridan Fire Department,1,27.997536830203664,31.236960038801136,26.056298372869183,132
2020-05-25,Sheridan Fire Department,1,68.38011785037807,34.97254535827081,12.048839150271093,146
2020-02-24,Southern Platte Fire Protection District,1,13.51630880353739,-45.87092189011156,-0.413795317214544,55
2020-03-09,Southern Platte Fire Protection District,1,4.465219491687087,-46.47462622740617,24.541553653672995,69
2020-03-16,Southern Platte Fire Protection District,1,12.077744575015748,-45.45746699108472,0.0597971207318762,76
2020-04-13,Southern Platte Fire Protection District,1,-8.945205070941942,-2.748074996258338,-29.50127206955099,104
2020-05-04,Southern Platte Fire Protection District,1,-22.718193716969985,15.600934560297624,-13.604735033871918,125
2020-02-17,St Louis Park Fire Department,1,-5.85571121605009,-49.579080841938776,-27.7782628234252,48
2020-02-24,St Louis Park Fire Department,1,3.7946724103470615,-47.92422366803067,-6.456284610619467,55
2020-03-02,St Louis Park Fire Department,1,11.675675250485154,-49.05918414297485,-13.879820459243778,62
2020-03-09,St Louis Park Fire Department,1,28.766508985147613,-43.837336861499715,-3.385281454745316,69
2020-03-16,St Louis Park Fire Department,1,6.443972949051361,-39.91325741004547,-12.41756384387585,76
2020-03-23,St Louis Park Fire Department,1,-8.22851256122507,17.889143364598944,-25.93850950602836,83
2020-03-30,St Louis Park Fire Department,1,-2.0612843603698088,39.24779425047283,-17.811682455949136,90
2020-04-06,St Louis Park Fire Department,1,10.37033818345057,45.539313143038406,-9.737931370474282,97
2020-04-13,St Louis Park Fire Department,1,-11.946246878412643,41.750650631086486,-22.948748157430703,104
2020-04-20,St Louis Park Fire Department,1,-2.6501800111730507,38.38130573161544,-18.088671127165817,111
2020-04-27,St Louis Park Fire Department,1,55.49691802024882,54.4775346833327,-27.58798151800717,118
2020-05-04,St Louis Park Fire Department,1,51.02172765003352,48.215908244577975,-13.640522357380194,125
2020-05-11,St Louis Park Fire Department,1,33.74530435526293,38.816233874835895,-27.899779396719246,132
2020-05-18,St Louis Park Fire Department,1,36.593860343790126,41.907030214573865,-34.31464269806482,139
2020-05-25,St Louis Park Fire Department,1,80.47693057903072,54.05040031661908,-29.76595156916134,146
2020-02-17,The Villages Public Safety Department,1,-13.809087023513548,-52.31028122496483,0.5695612857204652,48
2020-02-24,The Villages Public Safety Department,1,-15.664019988852866,-54.39795409309071,4.059526270217381,55
2020-03-02,The Villages Public Safety Department,1,-17.39455609274877,-58.73844746128695,8.326230261331471,62
2020-03-09,The Villages Public Safety Department,1,-14.504925221120251,-57.8234967281277,5.786165136304618,69
2020-03-16,The Villages Public Safety Department,1,-16.813575614768478,-51.21204766232916,-9.953305300690298,76
2020-03-23,The Villages Public Safety Department,1,-36.15182645963974,-17.455728595130005,-21.067823691506515,83
2020-03-30,The Villages Public Safety Department,1,-53.396385562499084,-0.2298503691867839,-30.602626897305274,90
2020-04-06,The Villages Public Safety Department,1,-68.11173612952707,3.7511848051777297,-35.574894753307795,97
2020-04-13,The Villages Public Safety Department,1,-69.20268259721657,10.089655933855592,-37.376964352652045,104
2020-04-20,The Villages Public Safety Department,1,-75.68401568941621,4.324958464168847,-42.4662410611012,111
2020-04-27,The Villages Public Safety Department,1,-65.59435060968214,1.5239215831234245,-34.86165637735724,118
2020-05-04,The Villages Public Safety Department,1,-59.93312897165823,-4.932357520245634,-37.43256542772343,125
2020-05-11,The Villages Public Safety Department,1,-53.68201453772642,-12.123857131548737,-31.274323851525185,132
2020-05-18,The Villages Public Safety Department,1,-57.363922669526175,-15.052481465518277,-31.16839373451085,139
2020-05-25,The Villages Public Safety Department,1,-56.142574698899445,-16.253964688535753,-23.641001347328224,146
2020-02-24,Toms River Fire District 1,1,27.751416487363624,-41.158285148470256,-4.715726185008224,55
2020-03-02,Toms River Fire District 1,1,6.538277149721955,-49.0949546333379,-1.1537618279084418,62
2020-03-09,Toms River Fire District 1,1,42.073782946851985,-40.16939184933887,-8.258178641847296,69
2020-03-23,Toms River Fire District 1,1,-13.764921890246384,5.87778846282338,-24.10988434405752,83
2020-03-30,Toms River Fire District 1,1,-31.832728809022328,24.052231655671765,-40.39375806424261,90
2020-04-06,Toms River Fire District 1,1,-34.188261582807534,22.665259790026674,-21.365269362039648,97
2020-04-13,Toms River Fire District 1,1,-48.12770565239449,28.50961337691792,10.277306899788565,104
2020-04-20,Toms River Fire District 1,1,-39.443377472706445,25.950497821512737,12.444442724255678,111
2020-04-27,Toms River Fire District 1,1,-41.05542832900072,22.434428939151044,-11.450575711391409,118
2020-05-04,Toms River Fire District 1,1,9.752857307772176,28.79233981900977,-18.723029081335675,125
2020-05-11,Toms River Fire District 1,1,6.627244088804024,21.911312611346535,-4.144185140784187,132
2020-05-18,Toms River Fire District 1,1,53.00702343719073,32.6611632688374,8.949736269992085,139
2020-05-25,Toms River Fire District 1,1,51.187747083764364,29.87905169632885,13.49888850099737,146
2020-04-20,Washington DC Fire & EMS Department,1,-90.50868021696816,26.549383962840913,-21.279025435501875,111
2020-04-27,Washington DC Fire & EMS Department,1,-95.26121450802357,26.079098816496632,-19.961331150781536,118
2020-05-04,Washington DC Fire & EMS Department,1,-83.41301507033862,23.470356419713166,-11.07824138194554,125
2020-05-11,Washington DC Fire & EMS Department,1,-87.166153558099,20.705397850792437,-22.3277531984879,132
2020-05-18,Washington DC Fire & EMS Department,1,-74.32561673163859,23.34167337289088,-19.36467557212913,139
2020-05-25,Washington DC Fire & EMS Department,1,-71.4432060520524,24.336832706114407,-19.83236693510674,146
2020-03-02,Wayne Township Volunteer Fire Department,1,0.7919864906721966,-47.976586499943274,6.088104714053224,62
2020-04-06,Wayne Township Volunteer Fire Department,1,24.538040696202867,50.916014755240866,10.662277707414583,97
2020-05-04,Wayne Township Volunteer Fire Department,1,48.3157312836733,45.7331155690869,-32.11843848015028,125
2020-02-17,West Palm Beach Fire Department,1,3.065698069851582,-42.04814896243477,7.818731490804043,48
2020-02-24,West Palm Beach Fire Department,1,4.6841190836373325,-46.35122787596759,1.1449493409254268,55
2020-03-02,West Palm Beach Fire Department,1,4.712531652185634,-47.008157744149806,2.6459351056477693,62
2020-03-09,West Palm Beach Fire Department,1,1.3276481730846823,-48.292325368555574,6.830485614940563,69
2020-03-16,West Palm Beach Fire Department,1,4.333403941995066,-43.23801674744347,-4.779152873450868,76
2020-03-23,West Palm Beach Fire Department,1,-36.02253854267687,-16.02672205627381,-7.079304788456517,83
2020-03-30,West Palm Beach Fire Department,1,-71.9126622896154,-4.071728404392617,-16.777418922649584,90
2020-04-06,West Palm Beach Fire Department,1,-86.28663703137343,-0.9801121385543898,-10.006094849381176,97
2020-04-13,West Palm Beach Fire Department,1,-88.77438001608073,4.895228198926876,-13.967206466432827,104
2020-04-20,West Palm Beach Fire Department,1,-86.09211973513509,0.2399135126760408,-9.11001186028962,111
2020-04-27,West Palm Beach Fire Department,1,-83.41680752756753,-0.7940724649228423,-11.558952406444956,118
2020-05-04,West Palm Beach Fire Department,1,-63.70195059774573,0.0014835628140415337,-18.619050841480487,125
2020-05-11,West Palm Beach Fire Department,1,-59.67202068533951,-3.7691356355618413,-18.06464103549982,132
2020-05-18,West Palm Beach Fire Department,1,-58.67368443156586,-6.382947164867272,-19.93840812053399,139
2020-05-25,West Palm Beach Fire Department,1,-53.14065739025416,-4.474269844050032,-0.6213624244952862,146
